Date,Name,Year,Letterboxd URI,Rating,Tags,Watched Date
2013-06-08,Behind the Candelabra,2013,https://letterboxd.com/jacobworrel/film/behind-the-candelabra/,3,,2013-06-01
2013-06-08,The Central Park Five,2012,https://letterboxd.com/jacobworrel/film/the-central-park-five/,3.5,,2013-06-02
2013-06-08,Audience of One,2007,https://letterboxd.com/jacobworrel/film/audience-of-one/,3,,2013-06-06
2013-06-08,Room 237,2012,https://letterboxd.com/jacobworrel/film/room-237/,2,,2013-06-07
2013-06-17,The Masque of the Red Death,1964,https://letterboxd.com/jacobworrel/film/the-masque-of-the-red-death/,1.5,,2013-06-14
2013-06-18,This Is the End,2013,https://letterboxd.com/jacobworrel/film/this-is-the-end/,2.5,,2013-06-16
2013-06-20,The Tall T,1957,https://letterboxd.com/jacobworrel/film/the-tall-t/,3.5,,2013-06-19
2013-06-21,A Day in the Country,1936,https://letterboxd.com/jacobworrel/film/a-day-in-the-country/,4,,2013-06-19
2013-06-23,After Lucia,2012,https://letterboxd.com/jacobworrel/film/after-lucia/,1.5,,2013-06-22
2013-06-25,Poetical Refugee,2000,https://letterboxd.com/jacobworrel/film/poetical-refugee/,3.5,,2013-06-23
2013-06-25,My Best Friend's Birthday,1987,https://letterboxd.com/jacobworrel/film/my-best-friends-birthday/,,,2013-06-23
2013-07-04,The Champ,1931,https://letterboxd.com/jacobworrel/film/the-champ/,3.5,,2013-07-03
2013-07-06,Spring Breakers,2012,https://letterboxd.com/jacobworrel/film/spring-breakers/,2.5,,2013-07-05
2013-07-09,Summer with Monika,1953,https://letterboxd.com/jacobworrel/film/summer-with-monika/,3.5,,2013-07-06
2013-07-09,Chasing Ice,2012,https://letterboxd.com/jacobworrel/film/chasing-ice/,3,,2013-07-07
2013-07-09,The Public Enemy,1931,https://letterboxd.com/jacobworrel/film/the-public-enemy/,3.5,,2013-07-07
2013-07-16,The Cable Guy,1996,https://letterboxd.com/jacobworrel/film/the-cable-guy/,3.5,,2013-07-13
2013-07-15,Leave Her to Heaven,1945,https://letterboxd.com/jacobworrel/film/leave-her-to-heaven/,3.5,,2013-07-14
2013-07-16,Only the Young,2012,https://letterboxd.com/jacobworrel/film/only-the-young/,3,,2013-07-15
2013-07-16,Christmas in July,1940,https://letterboxd.com/jacobworrel/film/christmas-in-july/,4,,2013-07-15
2013-07-17,Flirting with Disaster,1996,https://letterboxd.com/jacobworrel/film/flirting-with-disaster/,2.5,,2013-07-16
2013-07-17,The Minister,2011,https://letterboxd.com/jacobworrel/film/the-minister/,3,,2013-07-16
2013-07-17,Where Is My Friend's House?,1987,https://letterboxd.com/jacobworrel/film/where-is-my-friends-house/,3,,2013-07-16
2013-07-22,Stella Dallas,1937,https://letterboxd.com/jacobworrel/film/stella-dallas/,3.5,,2013-07-20
2013-07-22,Perfect Blue,1997,https://letterboxd.com/jacobworrel/film/perfect-blue/,4,,2013-07-20
2013-07-22,A Face in the Crowd,1957,https://letterboxd.com/jacobworrel/film/a-face-in-the-crowd/,4,,2013-07-21
2013-07-24,A Heart in Winter,1992,https://letterboxd.com/jacobworrel/film/a-heart-in-winter/,3.5,,2013-07-22
2013-08-01,In the House,2012,https://letterboxd.com/jacobworrel/film/in-the-house/,2,,2013-07-31
2013-08-01,Grave of the Fireflies,1988,https://letterboxd.com/jacobworrel/film/grave-of-the-fireflies/,4,,2013-07-31
2013-08-21,Paradise: Love,2012,https://letterboxd.com/jacobworrel/film/paradise-love/,3.5,,2013-08-19
2013-08-21,Monsters,2010,https://letterboxd.com/jacobworrel/film/monsters/,3,,2013-08-20
2013-08-21,Roger & Me,1989,https://letterboxd.com/jacobworrel/film/roger-me/,3,,2013-08-20
2013-08-21,Phil Spector,2013,https://letterboxd.com/jacobworrel/film/phil-spector/,3,,2013-08-20
2013-09-02,Mud,2012,https://letterboxd.com/jacobworrel/film/mud/,2,,2013-09-01
2013-09-03,Before Midnight,2013,https://letterboxd.com/jacobworrel/film/before-midnight/,2.5,,2013-09-02
2013-09-06,It's Such a Beautiful Day,2012,https://letterboxd.com/jacobworrel/film/its-such-a-beautiful-day/,3.5,,2013-09-04
2013-09-08,World War Z,2013,https://letterboxd.com/jacobworrel/film/world-war-z/,1.5,,2013-09-07
2013-09-09,La libertad,2001,https://letterboxd.com/jacobworrel/film/la-libertad/,2.5,,2013-09-08
2013-09-09,The Impossible,2012,https://letterboxd.com/jacobworrel/film/the-impossible/,1.5,,2013-09-08
2013-09-11,Hemel,2012,https://letterboxd.com/jacobworrel/film/hemel/,3,,2013-09-09
2013-09-12,Camille Claudel 1915,2013,https://letterboxd.com/jacobworrel/film/camille-claudel-1915/,2.5,,2013-09-10
2013-09-14,From Up on Poppy Hill,2011,https://letterboxd.com/jacobworrel/film/from-up-on-poppy-hill/,2,,2013-09-12
2013-09-14,Joe Versus the Volcano,1990,https://letterboxd.com/jacobworrel/film/joe-versus-the-volcano/,3,,2013-09-13
2013-09-15,Pumping Iron,1977,https://letterboxd.com/jacobworrel/film/pumping-iron/,4,,2013-09-14
2013-09-15,Koyaanisqatsi,1982,https://letterboxd.com/jacobworrel/film/koyaanisqatsi/,3.5,,2013-09-14
2013-09-20,Silent Souls,2010,https://letterboxd.com/jacobworrel/film/silent-souls/,3,,2013-09-16
2013-09-22,It's a Gift,1934,https://letterboxd.com/jacobworrel/film/its-a-gift/,3,,2013-09-20
2013-09-22,Birth,2004,https://letterboxd.com/jacobworrel/film/birth-2004/,3.5,,2013-09-21
2013-09-23,No Rest for the Brave,2003,https://letterboxd.com/jacobworrel/film/no-rest-for-the-brave/,2.5,,2013-09-21
2013-09-26,Computer Chess,2013,https://letterboxd.com/jacobworrel/film/computer-chess/,3,,2013-09-24
2013-09-30,Go,1999,https://letterboxd.com/jacobworrel/film/go/,3,,2013-09-27
2013-09-30,The Past,2013,https://letterboxd.com/jacobworrel/film/the-past/,3,,2013-09-28
2013-10-01,Tabloid,2010,https://letterboxd.com/jacobworrel/film/tabloid/,3.5,,2013-09-29
2013-10-05,The Bling Ring,2013,https://letterboxd.com/jacobworrel/film/the-bling-ring/,1.5,,2013-10-02
2013-10-09,Gravity,2013,https://letterboxd.com/jacobworrel/film/gravity-2013/,2.5,,2013-10-07
2013-10-11,Captain Phillips,2013,https://letterboxd.com/jacobworrel/film/captain-phillips/,4.5,,2013-10-10
2013-10-14,Noah,2013,https://letterboxd.com/jacobworrel/film/noah-2013/,4.5,,2013-10-12
2013-10-19,All Is Lost,2013,https://letterboxd.com/jacobworrel/film/all-is-lost/,3.5,,2013-10-18
2013-10-27,Blue Is the Warmest Color,2013,https://letterboxd.com/jacobworrel/film/blue-is-the-warmest-color/,4,,2013-10-26
2013-11-03,Portrait of Jennie,1948,https://letterboxd.com/jacobworrel/film/portrait-of-jennie/,3,,2013-10-31
2013-11-10,The Letter,1940,https://letterboxd.com/jacobworrel/film/the-letter/,3.5,,2013-11-02
2013-11-10,42,2013,https://letterboxd.com/jacobworrel/film/42/,3,,2013-11-09
2013-11-23,The Little Foxes,1941,https://letterboxd.com/jacobworrel/film/the-little-foxes/,3,,2013-11-20
2013-11-24,In the Company of Men,1997,https://letterboxd.com/jacobworrel/film/in-the-company-of-men/,2.5,,2013-11-23
2013-11-24,A Summer at Grandpa's,1984,https://letterboxd.com/jacobworrel/film/a-summer-at-grandpas/,3,,2013-11-23
2013-11-29,The Heat,2013,https://letterboxd.com/jacobworrel/film/the-heat/,2.5,,2013-11-26
2013-11-29,Star Trek Into Darkness,2013,https://letterboxd.com/jacobworrel/film/star-trek-into-darkness/,3,,2013-11-27
2013-11-29,American Graffiti,1973,https://letterboxd.com/jacobworrel/film/american-graffiti/,1.5,,2013-11-27
2013-12-02,Spirited Away,2001,https://letterboxd.com/jacobworrel/film/spirited-away/,3.5,,2013-12-02
2013-12-03,Simon Killer,2012,https://letterboxd.com/jacobworrel/film/simon-killer/,2.5,,2013-12-03
2013-12-05,Frances Ha,2012,https://letterboxd.com/jacobworrel/film/frances-ha/,3.5,,2013-12-04
2013-12-10,About Time,2013,https://letterboxd.com/jacobworrel/film/about-time/,3,,2013-12-09
2013-12-11,21 Jump Street,2012,https://letterboxd.com/jacobworrel/film/21-jump-street/,3.5,,2013-12-10
2013-12-11,Blue Jasmine,2013,https://letterboxd.com/jacobworrel/film/blue-jasmine/,2.5,,2013-12-10
2013-12-11,The Descendants,2011,https://letterboxd.com/jacobworrel/film/the-descendants/,1,,2013-12-10
2013-12-12,The Conjuring,2013,https://letterboxd.com/jacobworrel/film/the-conjuring/,3.5,,2013-12-10
2013-12-14,Insidious,2010,https://letterboxd.com/jacobworrel/film/insidious/,1,,2013-12-13
2013-12-16,"Lacombe, Lucien",1974,https://letterboxd.com/jacobworrel/film/lacombe-lucien/,4.5,,2013-12-15
2013-12-21,Our Children,2012,https://letterboxd.com/jacobworrel/film/our-children/,1,,2013-12-19
2013-12-21,The Spectacular Now,2013,https://letterboxd.com/jacobworrel/film/the-spectacular-now/,3.5,,2013-12-19
2013-12-21,Betty Blue,1986,https://letterboxd.com/jacobworrel/film/betty-blue/,,,2013-12-19
2013-12-23,Dallas Buyers Club,2013,https://letterboxd.com/jacobworrel/film/dallas-buyers-club/,2,,2013-12-21
2013-12-23,Come and See,1985,https://letterboxd.com/jacobworrel/film/come-and-see/,4.5,,2013-12-21
2013-12-23,Leviathan,2012,https://letterboxd.com/jacobworrel/film/leviathan-2012/,4,,2013-12-21
2013-12-24,The Blair Witch Project,1999,https://letterboxd.com/jacobworrel/film/the-blair-witch-project/,3.5,,2013-12-22
2013-12-27,Moolaadé,2004,https://letterboxd.com/jacobworrel/film/moolaade/,3.5,,2013-12-25
2013-12-27,[REC],2007,https://letterboxd.com/jacobworrel/film/rec/,2.5,,2013-12-26
2013-12-27,20 Feet from Stardom,2013,https://letterboxd.com/jacobworrel/film/20-feet-from-stardom/,3,,2013-12-26
2013-12-29,Paranormal Activity,2007,https://letterboxd.com/jacobworrel/film/paranormal-activity/,4.5,,2013-12-28
2014-01-01,12 Years a Slave,2013,https://letterboxd.com/jacobworrel/film/12-years-a-slave/,3.5,"12 Years a Slave, Steve McQueen",2013-12-31
2014-01-02,Rush,2013,https://letterboxd.com/jacobworrel/film/rush-2013/,4,,2014-01-01
2014-01-02,The Wolf of Wall Street,2013,https://letterboxd.com/jacobworrel/film/the-wolf-of-wall-street/,4.5,,2014-01-01
2014-01-04,American Hustle,2013,https://letterboxd.com/jacobworrel/film/american-hustle/,2,,2014-01-03
2014-01-06,Bad Grandpa,2013,https://letterboxd.com/jacobworrel/film/bad-grandpa/,2.5,"Bad grandpa, johnny knoxville, Jackass",2014-01-04
2014-01-07,Blackfish,2013,https://letterboxd.com/jacobworrel/film/blackfish/,3,Blackfish,2014-01-06
2014-01-08,Short Term 12,2013,https://letterboxd.com/jacobworrel/film/short-term-12-2013/,0.5,Short term 12,2014-01-07
2014-01-08,Don Jon,2013,https://letterboxd.com/jacobworrel/film/don-jon/,2.5,"Don jon, joseph Gordon levitt",2014-01-07
2014-01-11,Her,2013,https://letterboxd.com/jacobworrel/film/her/1/,2,"her, spike jonze",2014-01-09
2014-01-14,Senna,2010,https://letterboxd.com/jacobworrel/film/senna/,4,"senna, doc, documentary",2014-01-12
2014-01-20,Biggie and Tupac,2002,https://letterboxd.com/jacobworrel/film/biggie-and-tupac/,3.5,,2014-01-19
2014-01-20,Kurt & Courtney,1998,https://letterboxd.com/jacobworrel/film/kurt-courtney/,3.5,,2014-01-19
2014-01-21,Seduced and Abandoned,2013,https://letterboxd.com/jacobworrel/film/seduced-and-abandoned-2013/,3,,2014-01-19
2014-01-21,Affliction,1997,https://letterboxd.com/jacobworrel/film/affliction/,3,,2014-01-20
2014-01-25,Inside Llewyn Davis,2013,https://letterboxd.com/jacobworrel/film/inside-llewyn-davis/,3,,2014-01-23
2014-01-27,No,2012,https://letterboxd.com/jacobworrel/film/no-2012/,3.5,,2014-01-26
2014-01-27,Microcosmos,1996,https://letterboxd.com/jacobworrel/film/microcosmos/,4,,2014-01-26
2014-01-29,Jesus Camp,2006,https://letterboxd.com/jacobworrel/film/jesus-camp/,3.5,jesus camp,2014-01-28
2014-01-31,A Touch of Sin,2013,https://letterboxd.com/jacobworrel/film/a-touch-of-sin/,2.5,,2014-01-30
2014-02-02,Fruitvale Station,2013,https://letterboxd.com/jacobworrel/film/fruitvale-station/,1,fruitvale station,2014-02-01
2014-02-02,Hannah Arendt,2012,https://letterboxd.com/jacobworrel/film/hannah-arendt/,3,,2014-02-01
2014-02-03,A World Without Women,2011,https://letterboxd.com/jacobworrel/film/a-world-without-women/,4.5,,2014-02-02
2014-02-05,Arbitrage,2012,https://letterboxd.com/jacobworrel/film/arbitrage/,4,arbitrage,2014-02-04
2014-02-12,Happiness,1998,https://letterboxd.com/jacobworrel/film/happiness/,4.5,,2014-02-10
2014-02-14,Nebraska,2013,https://letterboxd.com/jacobworrel/film/nebraska/,2.5,,2014-02-13
2014-02-16,The Armstrong Lie,2013,https://letterboxd.com/jacobworrel/film/the-armstrong-lie/,3.5,,2014-02-15
2014-02-28,We Steal Secrets: The Story of WikiLeaks,2013,https://letterboxd.com/jacobworrel/film/we-steal-secrets-the-story-of-wikileaks/,3,,2014-02-15
2014-02-23,The Lego Movie,2014,https://letterboxd.com/jacobworrel/film/the-lego-movie/,4,,2014-02-22
2014-02-23,The Counselor,2013,https://letterboxd.com/jacobworrel/film/the-counselor/,1,,2014-02-22
2014-02-24,Sixteen Candles,1984,https://letterboxd.com/jacobworrel/film/sixteen-candles/,3.5,,2014-02-22
2014-03-02,American Movie,1999,https://letterboxd.com/jacobworrel/film/american-movie/,3.5,,2014-02-28
2014-03-02,Gaslight,1944,https://letterboxd.com/jacobworrel/film/gaslight-1944/,3,,2014-02-28
2014-03-04,Braveheart,1995,https://letterboxd.com/jacobworrel/film/braveheart/,4.5,,2014-03-02
2014-03-04,Enron: The Smartest Guys in the Room,2005,https://letterboxd.com/jacobworrel/film/enron-the-smartest-guys-in-the-room/,3.5,,2014-03-02
2014-03-06,Taxi to the Dark Side,2007,https://letterboxd.com/jacobworrel/film/taxi-to-the-dark-side/,3,,2014-03-05
2014-03-08,Cloudy with a Chance of Meatballs,2009,https://letterboxd.com/jacobworrel/film/cloudy-with-a-chance-of-meatballs/,3.5,,2014-03-07
2014-03-10,Cyclo,1995,https://letterboxd.com/jacobworrel/film/cyclo/,3,,2014-03-09
2014-03-13,Nymphomaniac: Vol. I,2013,https://letterboxd.com/jacobworrel/film/nymphomaniac-volume-i/,3.5,,2014-03-09
2014-03-17,First Cousin Once Removed,2012,https://letterboxd.com/jacobworrel/film/first-cousin-once-removed/,4,,2014-03-16
2014-03-20,The Grand Budapest Hotel,2014,https://letterboxd.com/jacobworrel/film/the-grand-budapest-hotel/,1.5,,2014-03-19
2014-03-23,Water Lilies,2007,https://letterboxd.com/jacobworrel/film/water-lilies/,3.5,,2014-03-22
2014-04-02,Mary and Max,2009,https://letterboxd.com/jacobworrel/film/mary-and-max/,3.5,,2014-03-30
2014-04-03,Snowpiercer,2013,https://letterboxd.com/jacobworrel/film/snowpiercer/,1,,2014-04-02
2014-04-07,Under the Skin,2013,https://letterboxd.com/jacobworrel/film/under-the-skin-2013/,2.5,,2014-04-06
2014-04-08,The Adventures of Robin Hood,1938,https://letterboxd.com/jacobworrel/film/the-adventures-of-robin-hood/,3.5,,2014-04-06
2014-04-14,Thief,1981,https://letterboxd.com/jacobworrel/film/thief/,4,,2014-04-12
2014-04-20,To Be and to Have,2002,https://letterboxd.com/jacobworrel/film/to-be-and-to-have/,3.5,,2014-04-18
2014-04-27,The Staircase,2004,https://letterboxd.com/jacobworrel/film/the-staircase/,4.5,,2014-04-26
2014-05-08,Nymphomaniac: Vol. II,2013,https://letterboxd.com/jacobworrel/film/nymphomaniac-volume-ii/,3.5,,2014-05-05
2014-05-08,We Are the Best!,2013,https://letterboxd.com/jacobworrel/film/we-are-the-best/,3.5,,2014-05-07
2014-05-12,The Age of Innocence,1993,https://letterboxd.com/jacobworrel/film/the-age-of-innocence/,3.5,,2014-05-11
2014-05-15,Le Havre,2011,https://letterboxd.com/jacobworrel/film/le-havre/,3,,2014-05-14
2014-05-23,Godzilla,2014,https://letterboxd.com/jacobworrel/film/godzilla-2014/,3,,2014-05-18
2014-05-23,Welcome to New York,2014,https://letterboxd.com/jacobworrel/film/welcome-to-new-york/,3.5,,2014-05-21
2014-05-27,The Woman Who Wasn't There,2012,https://letterboxd.com/jacobworrel/film/the-woman-who-wasnt-there/,3.5,,2014-05-26
2014-05-31,Oculus,2013,https://letterboxd.com/jacobworrel/film/oculus/,2.5,,2014-05-29
2014-06-15,In the Loop,2009,https://letterboxd.com/jacobworrel/film/in-the-loop/,3.5,,2014-06-11
2014-06-15,The Sea Hawk,1940,https://letterboxd.com/jacobworrel/film/the-sea-hawk-1940/,3.5,,2014-06-14
2014-06-15,Stranger by the Lake,2013,https://letterboxd.com/jacobworrel/film/stranger-by-the-lake/,3.5,,2014-06-14
2014-06-16,The Friends of Eddie Coyle,1973,https://letterboxd.com/jacobworrel/film/the-friends-of-eddie-coyle/,4,,2014-06-15
2014-06-16,Captains Courageous,1937,https://letterboxd.com/jacobworrel/film/captains-courageous/,3.5,,2014-06-15
2014-06-19,The Naked Kiss,1964,https://letterboxd.com/jacobworrel/film/the-naked-kiss/,2.5,,2014-06-18
2014-06-22,The Times of Harvey Milk,1984,https://letterboxd.com/jacobworrel/film/the-times-of-harvey-milk/,3.5,,2014-06-20
2014-06-22,La Cérémonie,1995,https://letterboxd.com/jacobworrel/film/la-ceremonie/,4,,2014-06-21
2014-06-23,Detour,1945,https://letterboxd.com/jacobworrel/film/detour/,3.5,,2014-06-21
2014-06-23,Dear Zachary: A Letter to a Son About His Father,2008,https://letterboxd.com/jacobworrel/film/dear-zachary-a-letter-to-a-son-about-his-father/,3.5,,2014-06-22
2014-06-24,The Set-Up,1949,https://letterboxd.com/jacobworrel/film/the-set-up/,4,,2014-06-22
2014-06-26,Hud,1963,https://letterboxd.com/jacobworrel/film/hud/,4,,2014-06-25
2014-06-26,Joe,2013,https://letterboxd.com/jacobworrel/film/joe-2013/,3.5,,2014-06-25
2014-06-29,Heidi Fleiss: Hollywood Madam,1995,https://letterboxd.com/jacobworrel/film/heidi-fleiss-hollywood-madam/,3,,2014-06-28
2014-06-29,The Naked Spur,1953,https://letterboxd.com/jacobworrel/film/the-naked-spur/,3,,2014-06-28
2014-06-29,The House I Live In,2012,https://letterboxd.com/jacobworrel/film/the-house-i-live-in/,3,,2014-06-28
2014-07-01,Tim's Vermeer,2013,https://letterboxd.com/jacobworrel/film/tims-vermeer/,4,,2014-06-29
2014-07-01,X-Men: First Class,2011,https://letterboxd.com/jacobworrel/film/x-men-first-class/,2.5,,2014-06-30
2014-07-04,A Passage to India,1984,https://letterboxd.com/jacobworrel/film/a-passage-to-india/,2.5,,2014-07-02
2014-07-05,Close-Up,1990,https://letterboxd.com/jacobworrel/film/close-up/,3.5,,2014-07-04
2014-07-05,Nenette and Boni,1996,https://letterboxd.com/jacobworrel/film/nenette-and-boni/,3.5,,2014-07-04
2014-07-05,Heaven Can Wait,1943,https://letterboxd.com/jacobworrel/film/heaven-can-wait/,3,,2014-07-04
2014-07-05,Panic in the Streets,1950,https://letterboxd.com/jacobworrel/film/panic-in-the-streets/,2.5,,2014-07-04
2014-07-11,Fox and His Friends,1975,https://letterboxd.com/jacobworrel/film/fox-and-his-friends/,4,,2014-07-10
2014-07-14,Dawn of the Planet of the Apes,2014,https://letterboxd.com/jacobworrel/film/dawn-of-the-planet-of-the-apes/,3.5,,2014-07-12
2014-07-14,Cape Fear,1991,https://letterboxd.com/jacobworrel/film/cape-fear-1991/,3,,2014-07-13
2014-07-19,The Cruise,1998,https://letterboxd.com/jacobworrel/film/the-cruise/,3,,2014-07-17
2014-07-19,Buchanan Rides Alone,1958,https://letterboxd.com/jacobworrel/film/buchanan-rides-alone/,3,,2014-07-18
2014-07-20,Boyhood,2014,https://letterboxd.com/jacobworrel/film/boyhood/,3.5,,2014-07-19
2014-07-21,About Last Night,2014,https://letterboxd.com/jacobworrel/film/about-last-night-2014/,3,,2014-07-20
2014-07-21,The Unknown Known,2013,https://letterboxd.com/jacobworrel/film/the-unknown-known/,2.5,,2014-07-20
2014-08-02,"Harry, He's Here To Help",2000,https://letterboxd.com/jacobworrel/film/harry-hes-here-to-help/,3.5,,2014-07-31
2014-08-11,Afflicted,2013,https://letterboxd.com/jacobworrel/film/afflicted/,1.5,,2014-08-10
2014-08-24,Blades of Glory,2007,https://letterboxd.com/jacobworrel/film/blades-of-glory/,1,,2014-08-22
2014-08-25,The Secret Garden,1993,https://letterboxd.com/jacobworrel/film/the-secret-garden-1993/,3,,2014-08-23
2014-09-24,"Like Father, Like Son",2013,https://letterboxd.com/jacobworrel/film/like-father-like-son-2013/,3.5,,2014-08-25
2014-08-28,The Funeral,1996,https://letterboxd.com/jacobworrel/film/the-funeral-1996/,3,,2014-08-27
2014-08-28,Climates,2006,https://letterboxd.com/jacobworrel/film/climates/,3.5,,2014-08-27
2014-08-28,In the Heat of the Night,1967,https://letterboxd.com/jacobworrel/film/in-the-heat-of-the-night/,3.5,,2014-08-27
2014-09-24,Smart Ass,2014,https://letterboxd.com/jacobworrel/film/smart-ass/,,,2014-08-30
2014-09-10,F***in White Boy,2015,https://letterboxd.com/jacobworrel/film/fin-white-boy/,,,2014-09-09
2014-09-22,The Drop,2014,https://letterboxd.com/jacobworrel/film/the-drop-2014/,2.5,,2014-09-21
2014-09-28,The Man from Nowhere,2010,https://letterboxd.com/jacobworrel/film/the-man-from-nowhere/,1.5,,2014-09-26
2014-09-28,Das Boot,1981,https://letterboxd.com/jacobworrel/film/das-boot/,2.5,,2014-09-27
2014-09-28,Annie Hall,1977,https://letterboxd.com/jacobworrel/film/annie-hall/,3.5,,2014-09-27
2014-10-03,An Autumn Afternoon,1962,https://letterboxd.com/jacobworrel/film/an-autumn-afternoon/,3,,2014-10-02
2014-10-05,Gone Girl,2014,https://letterboxd.com/jacobworrel/film/gone-girl/,3.5,,2014-10-04
2014-10-09,Joint Security Area,2000,https://letterboxd.com/jacobworrel/film/joint-security-area/,2,,2014-10-07
2014-10-11,Sister,2012,https://letterboxd.com/jacobworrel/film/sister/,3,,2014-10-10
2014-10-15,How to Train Your Dragon 2,2014,https://letterboxd.com/jacobworrel/film/how-to-train-your-dragon-2/,3,,2014-10-14
2014-10-18,Hachi: A Dog's Tale,2009,https://letterboxd.com/jacobworrel/film/hachi-a-dogs-tale/,3,,2014-10-17
2014-10-21,Edge of Tomorrow,2014,https://letterboxd.com/jacobworrel/film/edge-of-tomorrow/,3.5,,2014-10-19
2014-10-27,Tomboy,2011,https://letterboxd.com/jacobworrel/film/tomboy-2011/,3.5,,2014-10-24
2014-10-27,Tombstone,1993,https://letterboxd.com/jacobworrel/film/tombstone/,3,,2014-10-25
2014-11-01,The American,2010,https://letterboxd.com/jacobworrel/film/the-american/,3,,2014-10-30
2014-11-04,K-19: The Widowmaker,2002,https://letterboxd.com/jacobworrel/film/k-19-the-widowmaker/,4,,2014-11-02
2014-11-06,Fresh,1994,https://letterboxd.com/jacobworrel/film/fresh/,3.5,,2014-11-05
2014-11-09,It Follows,2014,https://letterboxd.com/jacobworrel/film/it-follows/,3.5,,2014-11-08
2014-11-11,Mr. Turner,2014,https://letterboxd.com/jacobworrel/film/mr-turner/,2.5,,2014-11-09
2014-11-11,Girlhood,2014,https://letterboxd.com/jacobworrel/film/girlhood-2014/,3,,2014-11-10
2014-11-14,The Duke of Burgundy,2014,https://letterboxd.com/jacobworrel/film/the-duke-of-burgundy/,3,,2014-11-12
2014-11-17,Interstellar,2014,https://letterboxd.com/jacobworrel/film/interstellar/,2,,2014-11-15
2014-11-18,Foxcatcher,2014,https://letterboxd.com/jacobworrel/film/foxcatcher/,3.5,,2014-11-17
2014-11-23,Blue Ruin,2013,https://letterboxd.com/jacobworrel/film/blue-ruin/,2,,2014-11-19
2014-11-30,Our Idiot Brother,2011,https://letterboxd.com/jacobworrel/film/our-idiot-brother/,3,,2014-11-28
2014-11-30,Side Effects,2013,https://letterboxd.com/jacobworrel/film/side-effects-2013/,3,,2014-11-28
2014-12-01,Witness,1985,https://letterboxd.com/jacobworrel/film/witness/,3.5,,2014-11-30
2014-12-01,The Crossing Guard,1995,https://letterboxd.com/jacobworrel/film/the-crossing-guard/,1.5,,2014-11-30
2014-12-03,Cutie and the Boxer,2013,https://letterboxd.com/jacobworrel/film/cutie-and-the-boxer/,3.5,,2014-12-02
2014-12-05,Cigarettes & Coffee,1993,https://letterboxd.com/jacobworrel/film/cigarettes-coffee/,3,,2014-12-04
2014-12-05,This Is John,2003,https://letterboxd.com/jacobworrel/film/this-is-john/,3.5,,2014-12-04
2014-12-08,The Ides of March,2011,https://letterboxd.com/jacobworrel/film/the-ides-of-march/,4,,2014-12-07
2014-12-14,Nightcrawler,2014,https://letterboxd.com/jacobworrel/film/nightcrawler/,3.5,,2014-12-11
2014-12-17,Goodbye First Love,2011,https://letterboxd.com/jacobworrel/film/goodbye-first-love/,2,,2014-12-16
2014-12-17,Mad Max,1979,https://letterboxd.com/jacobworrel/film/mad-max/,2,,2014-12-16
2014-12-22,Sex and Lucia,2001,https://letterboxd.com/jacobworrel/film/sex-and-lucia/,1,,2014-12-21
2014-12-22,Strange Days,1995,https://letterboxd.com/jacobworrel/film/strange-days/,3,,2014-12-21
2014-12-23,Aileen Wuornos: The Selling of a Serial Killer,1992,https://letterboxd.com/jacobworrel/film/aileen-wuornos-the-selling-of-a-serial-killer/,3.5,,2014-12-22
2014-12-23,Aileen: Life and Death of a Serial Killer,2003,https://letterboxd.com/jacobworrel/film/aileen-life-and-death-of-a-serial-killer/,3,,2014-12-22
2014-12-24,Rain Man,1988,https://letterboxd.com/jacobworrel/film/rain-man/,3.5,,2014-12-23
2014-12-27,Y Tu Mamá También,2001,https://letterboxd.com/jacobworrel/film/y-tu-mama-tambien/,3,,2014-12-24
2014-12-26,Hot Rod,2007,https://letterboxd.com/jacobworrel/film/hot-rod/,0.5,,2014-12-25
2014-12-28,The Trip,2010,https://letterboxd.com/jacobworrel/film/the-trip-2010/,3,,2014-12-27
2014-12-30,The Imitation Game,2014,https://letterboxd.com/jacobworrel/film/the-imitation-game/,3,,2014-12-29
2015-01-01,Earth,1930,https://letterboxd.com/jacobworrel/film/earth-1930/,2,,2014-12-31
2015-01-10,Whiplash,2014,https://letterboxd.com/jacobworrel/film/whiplash-2014/,4,,2015-01-09
2015-01-12,Big Hero 6,2014,https://letterboxd.com/jacobworrel/film/big-hero-6/,3,,2015-01-10
2015-01-12,American Sniper,2014,https://letterboxd.com/jacobworrel/film/american-sniper/,1.5,,2015-01-10
2015-01-13,Unbroken,2014,https://letterboxd.com/jacobworrel/film/unbroken/,1,,2015-01-11
2015-01-14,The Interview,2014,https://letterboxd.com/jacobworrel/film/the-interview-2014/,2,,2015-01-13
2015-01-15,The Babadook,2014,https://letterboxd.com/jacobworrel/film/the-babadook/,3.5,,2015-01-14
2015-01-18,Fury,2014,https://letterboxd.com/jacobworrel/film/fury-2014/,3.5,,2015-01-17
2015-01-22,Undefeated,2011,https://letterboxd.com/jacobworrel/film/undefeated-2011/,3.5,,2015-01-20
2015-01-26,Paddington,2014,https://letterboxd.com/jacobworrel/film/paddington/,3,,2015-01-24
2015-01-30,Force Majeure,2014,https://letterboxd.com/jacobworrel/film/force-majeure-2014/,3.5,,2015-01-29
2015-01-31,Virunga,2014,https://letterboxd.com/jacobworrel/film/virunga/,3,,2015-01-30
2015-02-05,Swingers,1996,https://letterboxd.com/jacobworrel/film/swingers/,2.5,,2015-02-03
2015-02-06,Frank,2014,https://letterboxd.com/jacobworrel/film/frank-2014/,1.5,,2015-02-05
2015-02-08,Paradise: Hope,2013,https://letterboxd.com/jacobworrel/film/paradise-hope/,3.5,,2015-02-07
2015-02-09,Coherence,2013,https://letterboxd.com/jacobworrel/film/coherence/,3.5,,2015-02-08
2015-02-10,Megamind,2010,https://letterboxd.com/jacobworrel/film/megamind/,3,,2015-02-09
2015-02-15,"Two Days, One Night",2014,https://letterboxd.com/jacobworrel/film/two-days-one-night/,4,,2015-02-13
2015-02-15,There's Always Tomorrow,1956,https://letterboxd.com/jacobworrel/film/theres-always-tomorrow/,3.5,,2015-02-14
2015-02-16,Listen Up Philip,2014,https://letterboxd.com/jacobworrel/film/listen-up-philip/,4,,2015-02-15
2015-02-16,Only Lovers Left Alive,2013,https://letterboxd.com/jacobworrel/film/only-lovers-left-alive/,2,,2015-02-15
2015-02-17,Chef,2014,https://letterboxd.com/jacobworrel/film/chef/,3,,2015-02-16
2015-02-22,Ida,2013,https://letterboxd.com/jacobworrel/film/ida/,2.5,,2015-02-21
2015-02-23,Modern Romance,1981,https://letterboxd.com/jacobworrel/film/modern-romance/,2.5,,2015-02-22
2015-02-26,Hannah Takes the Stairs,2007,https://letterboxd.com/jacobworrel/film/hannah-takes-the-stairs/,2.5,,2015-02-25
2015-02-27,Citizenfour,2014,https://letterboxd.com/jacobworrel/film/citizenfour/,3.5,,2015-02-26
2015-03-02,Birdman,2014,https://letterboxd.com/jacobworrel/film/birdman/,2.5,,2015-03-01
2015-03-05,The Forest for the Trees,2003,https://letterboxd.com/jacobworrel/film/the-forest-for-the-trees/,4,,2015-03-03
2015-03-08,It's a Disaster,2012,https://letterboxd.com/jacobworrel/film/its-a-disaster/,2.5,,2015-03-06
2015-03-08,Chappie,2015,https://letterboxd.com/jacobworrel/film/chappie/,5,,2015-03-07
2015-03-08,Kingsman: The Secret Service,2014,https://letterboxd.com/jacobworrel/film/kingsman-the-secret-service/,3,,2015-03-07
2015-03-14,Cropsey,2010,https://letterboxd.com/jacobworrel/film/cropsey/,3.5,,2015-03-13
2015-03-16,The Iron Giant,1999,https://letterboxd.com/jacobworrel/film/the-iron-giant/,3,,2015-03-14
2015-03-16,The Jinx: The Life and Deaths of Robert Durst,2015,https://letterboxd.com/jacobworrel/film/the-jinx-the-life-and-deaths-of-robert-durst/,4,,2015-03-15
2015-03-31,Spanking the Monkey,1994,https://letterboxd.com/jacobworrel/film/spanking-the-monkey/,3,,2015-03-30
2015-03-31,The Mortal Storm,1940,https://letterboxd.com/jacobworrel/film/the-mortal-storm/,3.5,,2015-03-30
2015-04-01,Going Clear: Scientology and the Prison of Belief,2015,https://letterboxd.com/jacobworrel/film/going-clear-scientology-and-the-prison-of-belief/,3,,2015-03-30
2015-04-06,Being Elmo: A Puppeteer's Journey,2011,https://letterboxd.com/jacobworrel/film/being-elmo-a-puppeteers-journey/,2.5,,2015-04-04
2015-04-10,The Descent,2005,https://letterboxd.com/jacobworrel/film/the-descent/,2.5,,2015-04-09
2015-04-13,Lincoln,2012,https://letterboxd.com/jacobworrel/film/lincoln/,2.5,,2015-04-12
2015-04-19,Li'l Quinquin,2014,https://letterboxd.com/jacobworrel/film/lil-quinquin/,3.5,,2015-04-18
2015-04-19,Walk the Line,2005,https://letterboxd.com/jacobworrel/film/walk-the-line/,4,,2015-04-18
2015-05-02,Fed Up,2014,https://letterboxd.com/jacobworrel/film/fed-up-2014/,2.5,,2015-04-29
2015-05-03,Bottle Rocket,1996,https://letterboxd.com/jacobworrel/film/bottle-rocket-1996/,3.5,,2015-05-02
2015-05-04,Whitey: United States of America v. James J. Bulger,2014,https://letterboxd.com/jacobworrel/film/whitey-united-states-of-america-v-james-j-bulger/,2.5,,2015-05-02
2015-05-07,Bird People,2014,https://letterboxd.com/jacobworrel/film/bird-people/,2.5,,2015-05-03
2015-05-07,Showrunners: The Art of Running a TV Show,2014,https://letterboxd.com/jacobworrel/film/showrunners-the-art-of-running-a-tv-show/,2,,2015-05-03
2015-05-07,The Overnighters,2014,https://letterboxd.com/jacobworrel/film/the-overnighters/,3,,2015-05-06
2015-05-12,Click,2006,https://letterboxd.com/jacobworrel/film/click/,3.5,,2015-05-10
2015-05-17,Magic in the Moonlight,2014,https://letterboxd.com/jacobworrel/film/magic-in-the-moonlight/,3,,2015-05-15
2015-05-17,Mad Max: Fury Road,2015,https://letterboxd.com/jacobworrel/film/mad-max-fury-road/,4,,2015-05-16
2015-05-18,Saturday Night Fever,1977,https://letterboxd.com/jacobworrel/film/saturday-night-fever/,3.5,,2015-05-16
2015-05-25,La Haine,1995,https://letterboxd.com/jacobworrel/film/la-haine/,4.5,,2015-05-23
2015-05-25,Pitch Perfect 2,2015,https://letterboxd.com/jacobworrel/film/pitch-perfect-2/,3.5,,2015-05-24
2015-05-27,Ex Machina,2014,https://letterboxd.com/jacobworrel/film/ex-machina-2014/,3,,2015-05-25
2015-05-27,Magnificent Obsession,1954,https://letterboxd.com/jacobworrel/film/magnificent-obsession-1954/,2.5,,2015-05-25
2015-05-28,Life Itself,2014,https://letterboxd.com/jacobworrel/film/life-itself/,2,,2015-05-27
2015-05-31,Cobain: Montage of Heck,2015,https://letterboxd.com/jacobworrel/film/cobain-montage-of-heck/,3.5,,2015-05-30
2015-06-03,The DUFF,2015,https://letterboxd.com/jacobworrel/film/the-duff/,2.5,,2015-06-02
2015-06-06,Captain America: The Winter Soldier,2014,https://letterboxd.com/jacobworrel/film/captain-america-the-winter-soldier/,2.5,,2015-06-05
2015-06-08,Forbidden Planet,1956,https://letterboxd.com/jacobworrel/film/forbidden-planet/,3,,2015-06-06
2015-06-08,Mary Last Seen,2010,https://letterboxd.com/jacobworrel/film/mary-last-seen/,4,,2015-06-07
2015-06-08,Spy,2015,https://letterboxd.com/jacobworrel/film/spy/,3,,2015-06-07
2015-06-14,Heaven Knows What,2014,https://letterboxd.com/jacobworrel/film/heaven-knows-what/,4,,2015-06-13
2015-06-15,Southcliffe,2013,https://letterboxd.com/jacobworrel/film/southcliffe/,2,,2015-06-14
2015-06-16,Hot Girls Wanted,2015,https://letterboxd.com/jacobworrel/film/hot-girls-wanted/,1.5,,2015-06-15
2015-06-21,Jurassic World,2015,https://letterboxd.com/jacobworrel/film/jurassic-world/,2.5,,2015-06-20
2015-07-01,Timbuktu,2014,https://letterboxd.com/jacobworrel/film/timbuktu-2014/,4,,2015-06-27
2015-07-01,"McFarland, USA",2015,https://letterboxd.com/jacobworrel/film/mcfarland-usa/,3,,2015-06-29
2015-07-02,Inside Out,2015,https://letterboxd.com/jacobworrel/film/inside-out-2015/,3.5,,2015-06-30
2015-07-05,Ballet 422,2014,https://letterboxd.com/jacobworrel/film/ballet-422/,2,,2015-07-03
2015-07-13,Black Sea,2014,https://letterboxd.com/jacobworrel/film/black-sea-2014/,3,,2015-07-11
2015-07-13,Lost in La Mancha,2002,https://letterboxd.com/jacobworrel/film/lost-in-la-mancha/,4,,2015-07-12
2015-07-20,The Wicker Man,1973,https://letterboxd.com/jacobworrel/film/the-wicker-man/,2.5,,2015-07-19
2015-07-20,Wreck-It Ralph,2012,https://letterboxd.com/jacobworrel/film/wreck-it-ralph/,4,,2015-07-19
2015-07-26,Amy,2015,https://letterboxd.com/jacobworrel/film/amy-2015/,3,,2015-07-25
2015-07-29,Master and Commander: The Far Side of the World,2003,https://letterboxd.com/jacobworrel/film/master-and-commander-the-far-side-of-the-world/,3.5,,2015-07-26
2015-07-30,La Strada,1954,https://letterboxd.com/jacobworrel/film/la-strada/,3.5,,2015-07-26
2015-08-01,Shoeshine,1946,https://letterboxd.com/jacobworrel/film/shoeshine/,3.5,,2015-07-29
2015-08-02,Trainwreck,2015,https://letterboxd.com/jacobworrel/film/trainwreck/,0.5,,2015-08-01
2015-08-06,Mission: Impossible - Rogue Nation,2015,https://letterboxd.com/jacobworrel/film/mission-impossible-rogue-nation/,2,,2015-08-04
2015-08-07,Barcelona,1994,https://letterboxd.com/jacobworrel/film/barcelona/,2,,2015-08-05
2015-08-16,The Skeleton Twins,2014,https://letterboxd.com/jacobworrel/film/the-skeleton-twins/,3.5,,2015-08-15
2015-08-17,Child 44,2015,https://letterboxd.com/jacobworrel/film/child-44/,2,,2015-08-15
2015-08-19,The Gift,2015,https://letterboxd.com/jacobworrel/film/the-gift-2015-1/,3.5,,2015-08-17
2015-08-24,Crimson Tide,1995,https://letterboxd.com/jacobworrel/film/crimson-tide/,3.5,,2015-08-23
2015-08-28,Heat,1995,https://letterboxd.com/jacobworrel/film/heat-1995/,4,,2015-08-25
2015-08-29,Last Days in Vietnam,2014,https://letterboxd.com/jacobworrel/film/last-days-in-vietnam/,4,,2015-08-27
2015-09-01,Damsels in Distress,2011,https://letterboxd.com/jacobworrel/film/damsels-in-distress/,2,,2015-08-30
2015-09-01,Frenzy,1972,https://letterboxd.com/jacobworrel/film/frenzy/,3,,2015-08-30
2015-09-01,The Natural,1984,https://letterboxd.com/jacobworrel/film/the-natural/,3,,2015-08-31
2015-09-07,San Andreas,2015,https://letterboxd.com/jacobworrel/film/san-andreas/,2,,2015-09-05
2015-09-07,Magic Mike XXL,2015,https://letterboxd.com/jacobworrel/film/magic-mike-xxl/,1,,2015-09-05
2015-09-08,Love & Mercy,2014,https://letterboxd.com/jacobworrel/film/love-mercy/,4,,2015-09-06
2015-09-12,Get on Up,2014,https://letterboxd.com/jacobworrel/film/get-on-up/,3,,2015-09-10
2015-09-18,Day Night Day Night,2006,https://letterboxd.com/jacobworrel/film/day-night-day-night/,4,,2015-09-16
2015-09-19,Black Mass,2015,https://letterboxd.com/jacobworrel/film/black-mass-2015/,1.5,,2015-09-18
2015-09-20,Sicario,2015,https://letterboxd.com/jacobworrel/film/sicario-2015/,4.5,,2015-09-19
2015-09-28,Blue Steel,1990,https://letterboxd.com/jacobworrel/film/blue-steel-1990/,2.5,,2015-09-25
2015-09-28,Near Dark,1987,https://letterboxd.com/jacobworrel/film/near-dark/,2.5,,2015-09-27
2015-09-29,"Now, Voyager",1942,https://letterboxd.com/jacobworrel/film/now-voyager/,3.5,,2015-09-27
2015-09-29,6 Years,2015,https://letterboxd.com/jacobworrel/film/6-years/,3,,2015-09-28
2015-10-04,Still Walking,2008,https://letterboxd.com/jacobworrel/film/still-walking/,3.5,,2015-10-01
2015-10-07,The Martian,2015,https://letterboxd.com/jacobworrel/film/the-martian/,3.5,,2015-10-06
2015-10-19,Satan,2006,https://letterboxd.com/jacobworrel/film/satan-2006/,3,,2015-10-17
2015-10-23,The End of the Tour,2015,https://letterboxd.com/jacobworrel/film/the-end-of-the-tour/,3.5,,2015-10-21
2015-10-24,Bridge of Spies,2015,https://letterboxd.com/jacobworrel/film/bridge-of-spies/,3,,2015-10-22
2015-10-26,The Overnight,2015,https://letterboxd.com/jacobworrel/film/the-overnight/,3.5,,2015-10-23
2015-10-26,Steve Jobs,2015,https://letterboxd.com/jacobworrel/film/steve-jobs/,3.5,,2015-10-24
2015-10-27,Shaun the Sheep Movie,2015,https://letterboxd.com/jacobworrel/film/shaun-the-sheep-movie/,3.5,,2015-10-25
2015-10-29,Everest,2015,https://letterboxd.com/jacobworrel/film/everest-2015/,3.5,,2015-10-27
2015-11-02,Scary Movie,2000,https://letterboxd.com/jacobworrel/film/scary-movie-2000/,3,,2015-10-31
2015-11-02,Show Me a Hero,2015,https://letterboxd.com/jacobworrel/film/show-me-a-hero/,4.5,,2015-11-01
2015-11-07,Quai des Orfèvres,1947,https://letterboxd.com/jacobworrel/film/quai-des-orfevres-1947/,3,,2015-11-06
2015-11-10,Crooklyn,1994,https://letterboxd.com/jacobworrel/film/crooklyn/,2.5,,2015-11-09
2015-11-10,A Little Princess,1995,https://letterboxd.com/jacobworrel/film/a-little-princess-1995/,3,,2015-11-09
2015-11-11,What We Do in the Shadows,2014,https://letterboxd.com/jacobworrel/film/what-we-do-in-the-shadows/,3.5,,2015-11-09
2015-11-17,Spectre,2015,https://letterboxd.com/jacobworrel/film/spectre-2015/,1,,2015-11-14
2015-11-20,Ant-Man,2015,https://letterboxd.com/jacobworrel/film/ant-man/,3,,2015-11-16
2015-11-20,Mistress America,2015,https://letterboxd.com/jacobworrel/film/mistress-america/,3.5,,2015-11-19
2015-11-22,Carol,2015,https://letterboxd.com/jacobworrel/film/carol-2015/,4,,2015-11-21
2015-11-30,Captain Phillips,2013,https://letterboxd.com/jacobworrel/film/captain-phillips/1/,4,,2015-11-27
2015-12-04,Slow West,2015,https://letterboxd.com/jacobworrel/film/slow-west/,2.5,,2015-12-02
2015-12-05,The Raid,2011,https://letterboxd.com/jacobworrel/film/the-raid-2011/,3.5,,2015-12-03
2015-12-05,Son of Saul,2015,https://letterboxd.com/jacobworrel/film/son-of-saul/,4.5,,2015-12-05
2015-12-08,Grandma's Boy,2006,https://letterboxd.com/jacobworrel/film/grandmas-boy-2006/,2.5,,2015-12-06
2015-12-12,The Man from U.N.C.L.E.,2015,https://letterboxd.com/jacobworrel/film/the-man-from-uncle/,3,,2015-12-11
2015-12-12,Tangerine,2015,https://letterboxd.com/jacobworrel/film/tangerine/,2.5,,2015-12-11
2015-12-14,James White,2015,https://letterboxd.com/jacobworrel/film/james-white/,2,,2015-12-13
2015-12-21,"3 ½ Minutes, 10 Bullets",2015,https://letterboxd.com/jacobworrel/film/3-minutes-10-bullets/,3,,2015-12-19
2015-12-21,Spotlight,2015,https://letterboxd.com/jacobworrel/film/spotlight/,3,,2015-12-20
2015-12-23,Room,2015,https://letterboxd.com/jacobworrel/film/room-2015/,3,,2015-12-21
2015-12-23,Straight Outta Compton,2015,https://letterboxd.com/jacobworrel/film/straight-outta-compton/,2.5,,2015-12-21
2015-12-25,Concussion,2015,https://letterboxd.com/jacobworrel/film/concussion-2015/,2,,2015-12-22
2015-12-25,Creed,2015,https://letterboxd.com/jacobworrel/film/creed/,3,,2015-12-24
2015-12-26,Sicario,2015,https://letterboxd.com/jacobworrel/film/sicario-2015/1/,4,,2015-12-25
2015-12-27,Star Wars: The Force Awakens,2015,https://letterboxd.com/jacobworrel/film/star-wars-the-force-awakens/,3.5,,2015-12-26
2015-12-28,The Revenant,2015,https://letterboxd.com/jacobworrel/film/the-revenant-2015/,3.5,,2015-12-27
2016-01-09,The Danish Girl,2015,https://letterboxd.com/jacobworrel/film/the-danish-girl/,1.5,,2016-01-06
2016-01-09,99 Homes,2014,https://letterboxd.com/jacobworrel/film/99-homes/,3.5,,2016-01-08
2016-01-11,The Hateful Eight,2015,https://letterboxd.com/jacobworrel/film/the-hateful-eight/,4.5,,2016-01-10
2016-01-16,Making a Murderer,2015,https://letterboxd.com/jacobworrel/film/making-a-murderer/,3.5,,2016-01-15
2016-01-19,The Good Dinosaur,2015,https://letterboxd.com/jacobworrel/film/the-good-dinosaur/,3,,2016-01-18
2016-01-26,Anomalisa,2015,https://letterboxd.com/jacobworrel/film/anomalisa/,3.5,,2016-01-24
2016-01-29,Where to Invade Next,2015,https://letterboxd.com/jacobworrel/film/where-to-invade-next/,2,,2016-01-27
2016-01-31,Joy,2015,https://letterboxd.com/jacobworrel/film/joy-2015/,4,,2016-01-30
2016-02-03,Polytechnique,2009,https://letterboxd.com/jacobworrel/film/polytechnique/,2,,2016-02-01
2016-02-03,Manhunter,1986,https://letterboxd.com/jacobworrel/film/manhunter/,3,,2016-02-02
2016-02-08,Love,2015,https://letterboxd.com/jacobworrel/film/love-2015/,2,,2016-02-03
2016-02-12,Snow on tha Bluff,2011,https://letterboxd.com/jacobworrel/film/snow-on-tha-bluff/,4,,2016-02-10
2016-02-16,Begin Again,2013,https://letterboxd.com/jacobworrel/film/begin-again/,3,,2016-02-14
2016-02-16,Straight Time,1978,https://letterboxd.com/jacobworrel/film/straight-time/,3.5,,2016-02-15
2016-02-16,Buffalo '66,1998,https://letterboxd.com/jacobworrel/film/buffalo-66/,4,,2016-02-15
2016-02-24,Mustang,2015,https://letterboxd.com/jacobworrel/film/mustang-2015/,3,,2016-02-21
2016-02-24,The Witch,2015,https://letterboxd.com/jacobworrel/film/the-witch-2015/,2.5,,2016-02-23
2016-02-26,"Right Now, Wrong Then",2015,https://letterboxd.com/jacobworrel/film/right-now-wrong-then/,3.5,,2016-02-24
2016-02-28,Intolerable Cruelty,2003,https://letterboxd.com/jacobworrel/film/intolerable-cruelty/,4,,2016-02-26
2016-03-08,Bride of Frankenstein,1935,https://letterboxd.com/jacobworrel/film/bride-of-frankenstein/,3,,2016-03-06
2016-03-11,Steve Jobs: The Man in the Machine,2015,https://letterboxd.com/jacobworrel/film/steve-jobs-the-man-in-the-machine/,3,,2016-03-08
2016-03-11,Fatima,2015,https://letterboxd.com/jacobworrel/film/fatima-2015/,2,,2016-03-09
2016-03-13,Cartel Land,2015,https://letterboxd.com/jacobworrel/film/cartel-land/,2,,2016-03-10
2016-03-13,Donkey Skin,1970,https://letterboxd.com/jacobworrel/film/donkey-skin/,4,,2016-03-11
2016-03-23,Beasts of No Nation,2015,https://letterboxd.com/jacobworrel/film/beasts-of-no-nation/,2,,2016-03-21
2016-04-03,Sister Act,1992,https://letterboxd.com/jacobworrel/film/sister-act/,3,,2016-03-31
2016-04-03,Zootopia,2016,https://letterboxd.com/jacobworrel/film/zootopia/,3.5,,2016-04-01
2016-04-11,Raja,2003,https://letterboxd.com/jacobworrel/film/raja-2003/,3,,2016-04-10
2016-04-12,Murder on a Sunday Morning,2001,https://letterboxd.com/jacobworrel/film/murder-on-a-sunday-morning/,3.5,,2016-04-10
2016-04-13,The Big Short,2015,https://letterboxd.com/jacobworrel/film/the-big-short/,2,,2016-04-11
2016-04-15,World of Tomorrow,2015,https://letterboxd.com/jacobworrel/film/world-of-tomorrow/,2.5,,2016-04-14
2016-04-16,My King,2015,https://letterboxd.com/jacobworrel/film/my-king-2015/,3,,2016-04-15
2016-04-17,Still Alice,2014,https://letterboxd.com/jacobworrel/film/still-alice/,3.5,,2016-04-17
2016-04-27,Brooklyn,2015,https://letterboxd.com/jacobworrel/film/brooklyn/,3.5,,2016-04-26
2016-05-03,The Jungle Book,2016,https://letterboxd.com/jacobworrel/film/the-jungle-book-2016/,2.5,,2016-04-30
2016-05-08,Girlfight,2000,https://letterboxd.com/jacobworrel/film/girlfight/,2,,2016-05-07
2016-05-14,Destry Rides Again,1939,https://letterboxd.com/jacobworrel/film/destry-rides-again/,3,,2016-05-12
2016-05-17,Fair Game,2010,https://letterboxd.com/jacobworrel/film/fair-game-2010/,3.5,,2016-05-16
2016-05-24,Wolf,2013,https://letterboxd.com/jacobworrel/film/wolf-2013/,3,,2016-05-23
2016-06-06,Ma 6-T va crack-er,1997,https://letterboxd.com/jacobworrel/film/ma-6-t-va-crack-er/,2,,2016-05-23
2016-06-01,The New Kid,2015,https://letterboxd.com/jacobworrel/film/the-new-kid/,4,,2016-05-30
2016-06-02,Cool Hand Luke,1967,https://letterboxd.com/jacobworrel/film/cool-hand-luke/,3,,2016-05-31
2016-06-04,Monster's Ball,2001,https://letterboxd.com/jacobworrel/film/monsters-ball/,1.5,,2016-06-03
2016-06-30,Duplicity,2009,https://letterboxd.com/jacobworrel/film/duplicity/,2,,2016-06-29
2016-06-30,"Wesh Wesh, qu'est-ce qui se passe ?",2001,https://letterboxd.com/jacobworrel/film/wesh-wesh-quest-ce-qui-se-passe/,2.5,,2016-06-29
2016-06-30,Eye in the Sky,2015,https://letterboxd.com/jacobworrel/film/eye-in-the-sky-2015/,3,,2016-06-29
2016-07-01,Hospital,1970,https://letterboxd.com/jacobworrel/film/hospital-1970/,3,,2016-06-30
2016-07-03,While We're Young,2014,https://letterboxd.com/jacobworrel/film/while-were-young/,2.5,,2016-07-02
2016-07-04,Locke,2013,https://letterboxd.com/jacobworrel/film/locke/,3,,2016-07-03
2016-07-05,Hackers,1995,https://letterboxd.com/jacobworrel/film/hackers/,2.5,,2016-07-03
2016-07-07,O.J.: Made in America,2016,https://letterboxd.com/jacobworrel/film/oj-made-in-america/,4,,2016-07-06
2016-07-09,Anvil! The Story of Anvil,2008,https://letterboxd.com/jacobworrel/film/anvil-the-story-of-anvil/,4.5,,2016-07-08
2016-07-12,Sombre,1998,https://letterboxd.com/jacobworrel/film/sombre/,2.5,,2016-07-11
2016-07-13,Jim Jefferies: Freedumb,2016,https://letterboxd.com/jacobworrel/film/jim-jefferies-freedumb/,3.5,,2016-07-11
2016-07-14,Wanderlust,2012,https://letterboxd.com/jacobworrel/film/wanderlust/,3,,2016-07-13
2016-07-17,The Secret Life of Pets,2016,https://letterboxd.com/jacobworrel/film/the-secret-life-of-pets/,2,,2016-07-16
2016-07-17,Me and Earl and the Dying Girl,2015,https://letterboxd.com/jacobworrel/film/me-and-earl-and-the-dying-girl/,1.5,,2016-07-16
2016-07-20,Unfriended,2014,https://letterboxd.com/jacobworrel/film/unfriended/,2.5,,2016-07-19
2016-07-21,Embrace of the Serpent,2015,https://letterboxd.com/jacobworrel/film/embrace-of-the-serpent/,3,,2016-07-19
2016-07-21,American Movie,1999,https://letterboxd.com/jacobworrel/film/american-movie/1/,3.5,,2016-07-20
2016-07-24,Star Trek Beyond,2016,https://letterboxd.com/jacobworrel/film/star-trek-beyond/,2,,2016-07-23
2016-07-29,Time of the Gypsies,1988,https://letterboxd.com/jacobworrel/film/time-of-the-gypsies/,3,,2016-07-28
2016-07-29,Yankee Doodle Dandy,1942,https://letterboxd.com/jacobworrel/film/yankee-doodle-dandy/,2,,2016-07-28
2016-08-02,Ghostbusters,2016,https://letterboxd.com/jacobworrel/film/ghostbusters-2016/,4,,2016-07-31
2016-08-08,Tony Robbins: I Am Not Your Guru,2016,https://letterboxd.com/jacobworrel/film/tony-robbins-i-am-not-your-guru/,2.5,,2016-08-06
2016-08-16,"Hail, Caesar!",2016,https://letterboxd.com/jacobworrel/film/hail-caesar-2016/,2,,2016-08-06
2016-08-09,Jason Bourne,2016,https://letterboxd.com/jacobworrel/film/jason-bourne/,2,,2016-08-07
2016-08-14,Sausage Party,2016,https://letterboxd.com/jacobworrel/film/sausage-party/,1,,2016-08-13
2016-08-18,The Lobster,2015,https://letterboxd.com/jacobworrel/film/the-lobster/,1.5,,2016-08-15
2016-08-17,Train to Busan,2016,https://letterboxd.com/jacobworrel/film/train-to-busan/,3.5,,2016-08-16
2016-08-22,'71,2014,https://letterboxd.com/jacobworrel/film/71/,3,,2016-08-20
2016-08-22,Jim Gaffigan: Obsessed,2014,https://letterboxd.com/jacobworrel/film/jim-gaffigan-obsessed/,3.5,,2016-08-20
2016-08-22,War Dogs,2016,https://letterboxd.com/jacobworrel/film/war-dogs-2016/,3,,2016-08-21
2016-08-31,Hell or High Water,2016,https://letterboxd.com/jacobworrel/film/hell-or-high-water/,2.5,,2016-08-30
2016-09-03,Wiener-Dog,2016,https://letterboxd.com/jacobworrel/film/wiener-dog/,1.5,,2016-09-02
2016-09-04,The Nice Guys,2016,https://letterboxd.com/jacobworrel/film/the-nice-guys/,2.5,,2016-09-03
2016-09-07,Green Room,2015,https://letterboxd.com/jacobworrel/film/green-room/,2,,2016-09-06
2016-09-09,Lone Survivor,2013,https://letterboxd.com/jacobworrel/film/lone-survivor/,3,,2016-09-08
2016-09-16,Don't Think Twice,2016,https://letterboxd.com/jacobworrel/film/dont-think-twice/,3.5,,2016-09-15
2016-09-19,Everybody Wants Some!!,2016,https://letterboxd.com/jacobworrel/film/everybody-wants-some/,4,,2016-09-18
2016-09-22,The Night Of,2016,https://letterboxd.com/jacobworrel/film/the-night-of/,4,,2016-09-20
2016-09-24,Sully,2016,https://letterboxd.com/jacobworrel/film/sully/,3,,2016-09-22
2016-09-26,The Glass Shield,1994,https://letterboxd.com/jacobworrel/film/the-glass-shield/,2.5,,2016-09-25
2016-09-28,Cop Car,2015,https://letterboxd.com/jacobworrel/film/cop-car/1/,3,,2016-09-27
2016-10-07,Kubo and the Two Strings,2016,https://letterboxd.com/jacobworrel/film/kubo-and-the-two-strings/,3,,2016-10-02
2016-10-08,Amanda Knox,2016,https://letterboxd.com/jacobworrel/film/amanda-knox/,2.5,,2016-10-07
2016-10-11,The Age of Shadows,2016,https://letterboxd.com/jacobworrel/film/the-age-of-shadows/,2,,2016-10-09
2016-10-15,Dheepan,2015,https://letterboxd.com/jacobworrel/film/dheepan/,1.5,,2016-10-13
2016-10-22,The Conjuring 2,2016,https://letterboxd.com/jacobworrel/film/the-conjuring-2/,1.5,,2016-10-21
2016-10-27,Dope,2015,https://letterboxd.com/jacobworrel/film/dope-2015/,2,,2016-10-24
2016-10-27,Christine,2016,https://letterboxd.com/jacobworrel/film/christine-2016/,3.5,,2016-10-25
2016-10-27,Weiner,2016,https://letterboxd.com/jacobworrel/film/weiner/,3.5,,2016-10-26
2016-10-30,Tickled,2016,https://letterboxd.com/jacobworrel/film/tickled/,3.5,,2016-10-28
2016-10-30,Mascots,2016,https://letterboxd.com/jacobworrel/film/mascots/,2.5,,2016-10-29
2016-11-05,Café Society,2016,https://letterboxd.com/jacobworrel/film/cafe-society-2016/,2.5,,2016-11-04
2016-11-07,Hacksaw Ridge,2016,https://letterboxd.com/jacobworrel/film/hacksaw-ridge/,4.5,,2016-11-05
2016-11-12,Nanook of the North,1922,https://letterboxd.com/jacobworrel/film/nanook-of-the-north/,3.5,,2016-11-11
2016-11-12,Winchester '73,1950,https://letterboxd.com/jacobworrel/film/winchester-73/,3,,2016-11-11
2016-11-13,Arrival,2016,https://letterboxd.com/jacobworrel/film/arrival-2016/,1.5,,2016-11-12
2016-11-16,High School,1968,https://letterboxd.com/jacobworrel/film/high-school/,2.5,,2016-11-15
2016-11-22,Oliver Twist,1948,https://letterboxd.com/jacobworrel/film/oliver-twist-1948/,3.5,,2016-11-16
2016-11-22,You're Sleeping Nicole,2014,https://letterboxd.com/jacobworrel/film/youre-sleeping-nicole/,3,,2016-11-16
2016-11-22,The Best of Youth,2003,https://letterboxd.com/jacobworrel/film/the-best-of-youth/,4.5,,2016-11-21
2016-11-22,Topsy-Turvy,1999,https://letterboxd.com/jacobworrel/film/topsy-turvy/,4,,2016-11-21
2016-11-22,The Wailing,2016,https://letterboxd.com/jacobworrel/film/the-wailing/,2,,2016-11-21
2016-12-11,Fantastic Beasts and Where to Find Them,2016,https://letterboxd.com/jacobworrel/film/fantastic-beasts-and-where-to-find-them/,3,,2016-11-27
2016-12-08,Keanu,2016,https://letterboxd.com/jacobworrel/film/keanu/,3,,2016-12-05
2016-12-08,Moonlight,2016,https://letterboxd.com/jacobworrel/film/moonlight-2016/,2.5,,2016-12-06
2016-12-13,Berlin Alexanderplatz,1980,https://letterboxd.com/jacobworrel/film/berlin-alexanderplatz/,3.5,,2016-12-12
2016-12-18,Manchester by the Sea,2016,https://letterboxd.com/jacobworrel/film/manchester-by-the-sea/,4.5,,2016-12-17
2016-12-19,La La Land,2016,https://letterboxd.com/jacobworrel/film/la-la-land/,3.5,,2016-12-18
2016-12-31,Rogue One: A Star Wars Story,2016,https://letterboxd.com/jacobworrel/film/rogue-one-a-star-wars-story/,2,,2016-12-29
2017-01-03,Jackie,2016,https://letterboxd.com/jacobworrel/film/jackie-2016/,3,,2017-01-02
2017-01-16,Toni Erdmann,2016,https://letterboxd.com/jacobworrel/film/toni-erdmann/,4,,2017-01-15
2017-01-17,Patriots Day,2016,https://letterboxd.com/jacobworrel/film/patriots-day/,3,,2017-01-15
2017-01-17,The Red Turtle,2016,https://letterboxd.com/jacobworrel/film/the-red-turtle/,3,,2017-01-15
2017-01-18,Deadpool,2016,https://letterboxd.com/jacobworrel/film/deadpool/,2.5,,2017-01-17
2017-01-22,20th Century Women,2016,https://letterboxd.com/jacobworrel/film/20th-century-women/,3,,2017-01-21
2017-01-22,Neruda,2016,https://letterboxd.com/jacobworrel/film/neruda-2016/,3.5,,2017-01-21
2017-01-23,The Handmaiden,2016,https://letterboxd.com/jacobworrel/film/the-handmaiden/,2,,2017-01-22
2017-01-25,"I, Daniel Blake",2016,https://letterboxd.com/jacobworrel/film/i-daniel-blake/,3,,2017-01-23
2017-01-29,Kate Plays Christine,2016,https://letterboxd.com/jacobworrel/film/kate-plays-christine/,3,,2017-01-27
2017-01-30,The Edge of Seventeen,2016,https://letterboxd.com/jacobworrel/film/the-edge-of-seventeen/,4.5,,2017-01-29
2017-02-11,Paterson,2016,https://letterboxd.com/jacobworrel/film/paterson/,2.5,,2017-02-08
2017-02-19,Elle,2016,https://letterboxd.com/jacobworrel/film/elle/,3,,2017-02-17
2017-02-19,Julieta,2016,https://letterboxd.com/jacobworrel/film/julieta/,2.5,,2017-02-17
2017-02-19,Lion,2016,https://letterboxd.com/jacobworrel/film/lion/,3,,2017-02-18
2017-02-21,Nocturnal Animals,2016,https://letterboxd.com/jacobworrel/film/nocturnal-animals/,3,,2017-02-20
2017-02-22,The Founder,2016,https://letterboxd.com/jacobworrel/film/the-founder/,3,,2017-02-22
2017-03-06,Logan,2017,https://letterboxd.com/jacobworrel/film/logan-2017/,3.5,,2017-03-03
2017-03-06,Live by Night,2016,https://letterboxd.com/jacobworrel/film/live-by-night/,2,,2017-03-05
2017-03-06,Deepwater Horizon,2016,https://letterboxd.com/jacobworrel/film/deepwater-horizon/,3.5,,2017-03-05
2017-03-07,Hacksaw Ridge,2016,https://letterboxd.com/jacobworrel/film/hacksaw-ridge/1/,4,,2017-03-05
2017-03-12,Get Out,2017,https://letterboxd.com/jacobworrel/film/get-out-2017/,3.5,,2017-03-11
2017-05-08,The Lost City of Z,2016,https://letterboxd.com/jacobworrel/film/the-lost-city-of-z/,3.5,,2017-05-07
2017-06-12,It Comes at Night,2017,https://letterboxd.com/jacobworrel/film/it-comes-at-night/,3,,2017-06-11
2017-07-18,Spider-Man: Homecoming,2017,https://letterboxd.com/jacobworrel/film/spider-man-homecoming/,3,,2017-07-15
2017-07-18,War for the Planet of the Apes,2017,https://letterboxd.com/jacobworrel/film/war-for-the-planet-of-the-apes/,1.5,,2017-07-16
2017-08-01,Dunkirk,2017,https://letterboxd.com/jacobworrel/film/dunkirk-2017/,3,,2017-07-23
2017-08-06,Detroit,2017,https://letterboxd.com/jacobworrel/film/detroit/,2.5,,2017-08-04
2017-08-31,Logan Lucky,2017,https://letterboxd.com/jacobworrel/film/logan-lucky/,2.5,,2017-08-20
2017-10-22,Blade Runner 2049,2017,https://letterboxd.com/jacobworrel/film/blade-runner-2049/,3,,2017-10-08
2017-11-04,The Florida Project,2017,https://letterboxd.com/jacobworrel/film/the-florida-project/,4,,2017-10-29
2017-11-04,A Ghost Story,2017,https://letterboxd.com/jacobworrel/film/a-ghost-story-2017/,2.5,,2017-11-03
2017-11-28,"Three Billboards Outside Ebbing, Missouri",2017,https://letterboxd.com/jacobworrel/film/three-billboards-outside-ebbing-missouri/,4.5,,2017-11-26
2017-12-03,Lady Bird,2017,https://letterboxd.com/jacobworrel/film/lady-bird/,3.5,,2017-12-02
2017-12-06,The Salesman,2016,https://letterboxd.com/jacobworrel/film/the-salesman-2016/,3.5,,2017-12-04
