Date,Name,Year,Letterboxd URI,Rating
2013-06-07,Amen,2011,https://letterboxd.com/film/amen-2011/,0.5
2013-06-07,Burn After Reading,2008,https://letterboxd.com/film/burn-after-reading/,4
2013-06-07,The Apartment,1960,https://letterboxd.com/film/the-apartment/,3.5
2013-06-07,Frost/Nixon,2008,https://letterboxd.com/film/frost-nixon/,3
2013-06-07,The Wrestler,2008,https://letterboxd.com/film/the-wrestler/,2.5
2013-06-07,Inglourious Basterds,2009,https://letterboxd.com/film/inglourious-basterds/,3
2013-06-07,A Good Marriage,1982,https://letterboxd.com/film/a-good-marriage/,3.5
2013-06-07,Doubt,2008,https://letterboxd.com/film/doubt/,3
2013-06-07,The Curious Case of Benjamin Button,2008,https://letterboxd.com/film/the-curious-case-of-benjamin-button/,1.5
2013-06-07,Boyfriends and Girlfriends,1987,https://letterboxd.com/film/boyfriends-and-girlfriends/,3.5
2013-06-07,À nos amours,1983,https://letterboxd.com/film/a-nos-amours/,4
2013-06-07,Pauline at the Beach,1983,https://letterboxd.com/film/pauline-at-the-beach/,4.5
2013-06-07,Audience of One,2007,https://letterboxd.com/film/audience-of-one/,3
2013-06-08,A Letter to Uncle Boonmee,2009,https://letterboxd.com/film/a-letter-to-uncle-boonmee/,4.5
2013-06-08,Dogtooth,2009,https://letterboxd.com/film/dogtooth/,4
2013-06-08,Mother,2009,https://letterboxd.com/film/mother-2009/,3.5
2013-06-08,Vincere,2009,https://letterboxd.com/film/vincere/,3.5
2013-06-08,Tales from the Golden Age,2009,https://letterboxd.com/film/tales-from-the-golden-age/,3
2013-06-08,Bright Star,2009,https://letterboxd.com/film/bright-star/,2
2013-06-08,Lourdes,2009,https://letterboxd.com/film/lourdes/,3
2013-06-08,Face,2009,https://letterboxd.com/film/face-2009/,2.5
2013-06-08,We Need to Talk About Kevin,2011,https://letterboxd.com/film/we-need-to-talk-about-kevin/,4
2013-06-08,Room 237,2012,https://letterboxd.com/film/room-237/,2
2013-06-08,The Central Park Five,2012,https://letterboxd.com/film/the-central-park-five/,3.5
2013-06-08,Behind the Candelabra,2013,https://letterboxd.com/film/behind-the-candelabra/,3
2013-06-09,Amour,2012,https://letterboxd.com/film/amour/,3.5
2013-06-09,Skyfall,2012,https://letterboxd.com/film/skyfall/,4
2013-06-09,Moonrise Kingdom,2012,https://letterboxd.com/film/moonrise-kingdom/,4
2013-06-09,Jiro Dreams of Sushi,2011,https://letterboxd.com/film/jiro-dreams-of-sushi/,4.5
2013-06-09,A Separation,2011,https://letterboxd.com/film/a-separation/,4
2013-06-09,House of Tolerance,2011,https://letterboxd.com/film/house-of-tolerance/,4
2013-06-09,Margaret,2011,https://letterboxd.com/film/margaret/,4.5
2013-06-09,The Tree of Life,2011,https://letterboxd.com/film/the-tree-of-life-2011/,4
2013-06-09,Elena,2011,https://letterboxd.com/film/elena/,4
2013-06-09,The Kid with a Bike,2011,https://letterboxd.com/film/the-kid-with-a-bike/,4
2013-06-09,Black Venus,2010,https://letterboxd.com/film/black-venus-2010/,4
2013-06-09,The Social Network,2010,https://letterboxd.com/film/the-social-network/,4
2013-06-09,The Town,2010,https://letterboxd.com/film/the-town/,4
2013-06-09,The Myth of the American Sleepover,2010,https://letterboxd.com/film/the-myth-of-the-american-sleepover/,3.5
2013-06-09,Inception,2010,https://letterboxd.com/film/inception/,3.5
2013-06-09,Certified Copy,2010,https://letterboxd.com/film/certified-copy/,4.5
2013-06-09,Exit Through the Gift Shop,2010,https://letterboxd.com/film/exit-through-the-gift-shop/,4
2013-06-09,Shutter Island,2010,https://letterboxd.com/film/shutter-island/,4
2013-06-09,Red Cliff,2008,https://letterboxd.com/film/red-cliff/,3.5
2013-06-09,Brüno,2009,https://letterboxd.com/film/bruno/,3.5
2013-06-09,Red Cliff,2009,,3.5
2013-06-09,"Synecdoche, New York",2008,https://letterboxd.com/film/synecdoche-new-york/,4
2013-06-09,WALL·E,2008,https://letterboxd.com/film/walle/,4.5
2013-06-09,Anvil! The Story of Anvil,2008,https://letterboxd.com/film/anvil-the-story-of-anvil/,4.5
2013-06-09,"4 Months, 3 Weeks and 2 Days",2007,https://letterboxd.com/film/4-months-3-weeks-and-2-days/,3.5
2013-06-09,The Secret of the Grain,2007,https://letterboxd.com/film/the-secret-of-the-grain/,4
2013-06-09,There Will Be Blood,2007,https://letterboxd.com/film/there-will-be-blood/,4
2013-06-09,Silent Light,2007,https://letterboxd.com/film/silent-light/,4.5
2013-06-09,The Assassination of Jesse James by the Coward Robert Ford,2007,https://letterboxd.com/film/the-assassination-of-jesse-james-by-the-coward-robert-ford/,4.5
2013-06-09,"Lust, Caution",2007,https://letterboxd.com/film/lust-caution/,4
2013-06-09,Atonement,2007,https://letterboxd.com/film/atonement/,4
2013-06-09,The King of Kong: A Fistful of Quarters,2007,https://letterboxd.com/film/the-king-of-kong-a-fistful-of-quarters/,3.5
2013-06-09,Superbad,2007,https://letterboxd.com/film/superbad/,3.5
2013-06-09,Knocked Up,2007,https://letterboxd.com/film/knocked-up/,3.5
2013-06-09,Import/Export,2007,https://letterboxd.com/film/import-export/,4.5
2013-06-09,Zodiac,2007,https://letterboxd.com/film/zodiac/,4.5
2013-06-09,Joshua,2007,https://letterboxd.com/film/joshua-2007/,4
2013-06-09,Apocalypto,2006,https://letterboxd.com/film/apocalypto/,3.5
2013-06-09,Still Life,2006,https://letterboxd.com/film/still-life/,4.5
2013-06-09,Woman on the Beach,2006,https://letterboxd.com/film/woman-on-the-beach/,4.5
2013-06-09,Time,2006,https://letterboxd.com/film/time/,4
2013-06-09,The Lives of Others,2006,https://letterboxd.com/film/the-lives-of-others/,3.5
2013-06-09,Day Night Day Night,2006,https://letterboxd.com/film/day-night-day-night/,4
2013-06-09,United 93,2006,https://letterboxd.com/film/united-93/,4.5
2013-06-09,Old Joy,2006,https://letterboxd.com/film/old-joy/,4.5
2013-06-09,Caché,2005,https://letterboxd.com/film/cache/,4
2013-06-09,Pulse,2001,https://letterboxd.com/film/pulse-2001/,3.5
2013-06-09,The Sun,2005,https://letterboxd.com/film/the-sun/,4
2013-06-09,The Squid and the Whale,2005,https://letterboxd.com/film/the-squid-and-the-whale/,4
2013-06-09,The Child,2005,https://letterboxd.com/film/the-child/,4
2013-06-09,Tale of Cinema,2005,https://letterboxd.com/film/tale-of-cinema/,4
2013-06-09,The Bow,2005,https://letterboxd.com/film/the-bow/,3.5
2013-06-09,Paradise Now,2005,https://letterboxd.com/film/paradise-now/,3.5
2013-06-09,Keane,2004,https://letterboxd.com/film/keane/,4.5
2013-06-09,The Forest for the Trees,2003,https://letterboxd.com/film/the-forest-for-the-trees/,4
2013-06-09,Memories of Murder,2003,https://letterboxd.com/film/memories-of-murder/,4.5
2013-06-09,"Spring, Summer, Fall, Winter... and Spring",2003,https://letterboxd.com/film/spring-summer-fall-winter-and-spring/,4.5
2013-06-09,Zatoichi,2003,https://letterboxd.com/film/zatoichi/,4
2013-06-09,Dogville,2003,https://letterboxd.com/film/dogville/,4.5
2013-06-09,Time of the Wolf,2003,https://letterboxd.com/film/time-of-the-wolf-2003/,4.5
2013-06-09,Irreversible,2002,https://letterboxd.com/film/irreversible/,4
2013-06-09,Adaptation.,2002,https://letterboxd.com/film/adaptation/,4
2013-06-09,The Rules of Attraction,2002,https://letterboxd.com/film/the-rules-of-attraction/,4
2013-06-09,Punch-Drunk Love,2002,https://letterboxd.com/film/punch-drunk-love/,4
2013-06-09,Oasis,2002,https://letterboxd.com/film/oasis/,4.5
2013-06-09,Lilya 4-ever,2002,https://letterboxd.com/film/lilya-4-ever/,4.5
2013-06-09,The Son,2002,https://letterboxd.com/film/the-son/,4
2013-06-09,On the Occasion of Remembering the Turning Gate,2002,https://letterboxd.com/film/on-the-occasion-of-remembering-the-turning-gate/,3.5
2013-06-09,Fat Girl,2001,https://letterboxd.com/film/fat-girl/,4.5
2013-06-09,Time Out,2001,https://letterboxd.com/film/time-out/,4.5
2013-06-09,Mulholland Drive,2001,https://letterboxd.com/film/mulholland-drive/,4
2013-06-09,The Piano Teacher,2001,https://letterboxd.com/film/the-piano-teacher/,4
2013-06-09,The Power of Kangwon Province,1998,https://letterboxd.com/film/the-power-of-kangwon-province/,4.5
2013-06-09,Chopper,2000,https://letterboxd.com/film/chopper/,4.5
2013-06-09,Toy Story 2,1999,https://letterboxd.com/film/toy-story-2/,4
2013-06-09,Ratcatcher,1999,https://letterboxd.com/film/ratcatcher/,4
2013-06-09,Peppermint Candy,1999,https://letterboxd.com/film/peppermint-candy/,4
2013-06-09,The Straight Story,1999,https://letterboxd.com/film/the-straight-story/,3.5
2013-06-09,Being John Malkovich,1999,https://letterboxd.com/film/being-john-malkovich/,3.5
2013-06-09,Three Kings,1999,https://letterboxd.com/film/three-kings/,3.5
2013-06-09,Run Lola Run,1998,https://letterboxd.com/film/run-lola-run/,3.5
2013-06-09,Models,1999,https://letterboxd.com/film/models/,4
2013-06-09,Eyes Wide Shut,1999,https://letterboxd.com/film/eyes-wide-shut/,4.5
2013-06-09,Humanité,1999,https://letterboxd.com/film/humanite/,4
2013-06-09,"South Park: Bigger, Longer & Uncut",1999,https://letterboxd.com/film/south-park-bigger-longer-uncut/,4.5
2013-06-09,The Thin Red Line,1998,https://letterboxd.com/film/the-thin-red-line/,4
2013-06-09,Show Me Love,1998,https://letterboxd.com/film/show-me-love/,4.5
2013-06-09,See the Sea,1997,https://letterboxd.com/film/see-the-sea/,4
2013-06-09,The Last Days of Disco,1998,https://letterboxd.com/film/the-last-days-of-disco/,4
2013-06-09,The Celebration,1998,https://letterboxd.com/film/the-celebration/,4
2013-06-09,The Hole,1998,https://letterboxd.com/film/the-hole/,4
2013-06-09,Jackie Brown,1997,https://letterboxd.com/film/jackie-brown/,4
2013-06-09,Buffalo '66,1998,https://letterboxd.com/film/buffalo-66/,4
2013-06-09,Titanic,1997,https://letterboxd.com/film/titanic-1997/,3.5
2013-06-09,Starship Troopers,1997,https://letterboxd.com/film/starship-troopers/,4
2013-06-09,L.A. Confidential,1997,https://letterboxd.com/film/la-confidential/,4
2013-06-09,The Game,1997,https://letterboxd.com/film/the-game/,3.5
2013-06-09,Funny Games,1997,https://letterboxd.com/film/funny-games/,4.5
2013-06-09,Mother and Son,1997,https://letterboxd.com/film/mother-and-son/,4
2013-06-09,"Sick: The Life and Death of Bob Flanagan, Supermasochist",1997,https://letterboxd.com/film/sick-the-life-and-death-of-bob-flanagan-supermasochist/,3.5
2013-06-09,Scream,1996,https://letterboxd.com/film/scream/,3.5
2013-06-09,Paradise Lost: The Child Murders at Robin Hood Hills,1996,https://letterboxd.com/film/paradise-lost-the-child-murders-at-robin-hood-hills/,4
2013-06-09,A Summer's Tale,1996,https://letterboxd.com/film/a-summers-tale/,3.5
2013-06-09,The Promise,1996,https://letterboxd.com/film/the-promise-1996/,4
2013-06-09,Ponette,1996,https://letterboxd.com/film/ponette/,4
2013-06-09,The Rock,1996,https://letterboxd.com/film/the-rock/,3.5
2013-06-09,Secrets & Lies,1996,https://letterboxd.com/film/secrets-lies/,3.5
2013-06-09,Primal Fear,1996,https://letterboxd.com/film/primal-fear/,4.5
2013-06-09,Breaking the Waves,1996,https://letterboxd.com/film/breaking-the-waves/,4
2013-06-09,The Three Brothers,1995,https://letterboxd.com/film/the-three-brothers/,4
2013-06-09,Heat,1995,https://letterboxd.com/film/heat-1995/,4
2013-06-09,Casino,1995,https://letterboxd.com/film/casino/,4
2013-06-09,Toy Story,1995,https://letterboxd.com/film/toy-story/,4.5
2013-06-09,Safe,1995,https://letterboxd.com/film/safe/,4
2013-06-09,Babe,1995,https://letterboxd.com/film/babe/,3.5
2013-06-09,Apollo 13,1995,https://letterboxd.com/film/apollo-13/,3.5
2013-06-09,Tommy Boy,1995,https://letterboxd.com/film/tommy-boy/,3.5
2013-06-09,Heavyweights,1995,https://letterboxd.com/film/heavyweights/,3.5
2013-06-09,Living in Oblivion,1995,https://letterboxd.com/film/living-in-oblivion/,3.5
2013-06-09,Pulp Fiction,1994,https://letterboxd.com/film/pulp-fiction/,4.5
2013-06-09,Satantango,1994,https://letterboxd.com/film/satantango/,4
2013-06-09,Dumb and Dumber,1994,https://letterboxd.com/film/dumb-and-dumber/,4.5
2013-06-09,Angels in the Outfield,1994,https://letterboxd.com/film/angels-in-the-outfield-1994/,3.5
2013-06-09,Three Colors: Red,1994,https://letterboxd.com/film/three-colors-red/,4
2013-06-09,71 Fragments of a Chronology of Chance,1994,https://letterboxd.com/film/71-fragments-of-a-chronology-of-chance/,4
2013-06-09,Naked,1993,https://letterboxd.com/film/naked/,4.5
2013-06-09,Three Colors: Blue,1993,https://letterboxd.com/film/three-colors-blue/,4
2013-06-09,Bad Lieutenant,1992,https://letterboxd.com/film/bad-lieutenant/,3.5
2013-06-09,Raise the Red Lantern,1991,https://letterboxd.com/film/raise-the-red-lantern/,4.5
2013-06-09,A Tale of Winter,1992,https://letterboxd.com/film/a-tale-of-winter/,4
2013-06-09,Van Gogh,1991,https://letterboxd.com/film/van-gogh/,4
2013-06-09,GoodFellas,1990,https://letterboxd.com/film/goodfellas/,4
2013-06-09,A Tale of Springtime,1990,https://letterboxd.com/film/a-tale-of-springtime/,4
2013-06-09,Misery,1990,https://letterboxd.com/film/misery/,3.5
2013-06-09,Metropolitan,1990,https://letterboxd.com/film/metropolitan/,4
2013-06-09,The Decalogue,1989,https://letterboxd.com/film/the-decalogue/,4.5
2013-06-09,The Match Factory Girl,1990,https://letterboxd.com/film/the-match-factory-girl/,4
2013-06-09,The Seventh Continent,1989,https://letterboxd.com/film/the-seventh-continent/,4.5
2013-06-09,A Short Film About Killing,1988,https://letterboxd.com/film/a-short-film-about-killing/,4.5
2013-06-09,The Thin Blue Line,1988,https://letterboxd.com/film/the-thin-blue-line/,4
2013-06-09,Barfly,1987,https://letterboxd.com/film/barfly/,3.5
2013-06-09,The Green Ray,1986,https://letterboxd.com/film/the-green-ray/,4
2013-06-09,Stand by Me,1986,https://letterboxd.com/film/stand-by-me/,3.5
2013-06-09,The Fly,1986,https://letterboxd.com/film/the-fly-1986/,3.5
2013-06-09,Come and See,1985,https://letterboxd.com/film/come-and-see/,4.5
2013-06-09,The Right Stuff,1983,https://letterboxd.com/film/the-right-stuff/,3.5
2013-06-09,L’argent,1983,https://letterboxd.com/film/largent-1983/,4
2013-06-09,The King of Comedy,1982,https://letterboxd.com/film/the-king-of-comedy/,4.5
2013-06-09,Mommie Dearest,1981,https://letterboxd.com/film/mommie-dearest/,3.5
2013-06-09,Loulou,1980,https://letterboxd.com/film/loulou/,4
2013-06-09,Invasion of the Body Snatchers,1978,https://letterboxd.com/film/invasion-of-the-body-snatchers-1978-5/,3.5
2013-06-09,Days of Heaven,1978,https://letterboxd.com/film/days-of-heaven/,4
2013-06-09,Barry Lyndon,1975,https://letterboxd.com/film/barry-lyndon/,4
2013-06-09,The Shining,1980,https://letterboxd.com/film/the-shining/,4
2013-06-09,"Lacombe, Lucien",1974,https://letterboxd.com/film/lacombe-lucien/,4.5
2013-06-09,Badlands,1973,https://letterboxd.com/film/badlands/,3.5
2013-06-09,Scenes from a Marriage,1973,https://letterboxd.com/film/scenes-from-a-marriage/,4.5
2013-06-09,The Heartbreak Kid,1972,https://letterboxd.com/film/the-heartbreak-kid-1972/,3.5
2013-06-09,A Clockwork Orange,1971,https://letterboxd.com/film/a-clockwork-orange/,4
2013-06-09,Murmur of the Heart,1971,https://letterboxd.com/film/murmur-of-the-heart/,4
2013-06-09,Naked Childhood,1968,https://letterboxd.com/film/naked-childhood/,4
2013-06-09,Belle de Jour,1967,https://letterboxd.com/film/belle-de-jour/,4
2013-06-09,The Sword of Doom,1966,https://letterboxd.com/film/the-sword-of-doom/,4
2013-06-09,A Film Trilogy by Ingmar Bergman,1962,,4
2013-06-09,The Man Who Shot Liberty Valance,1962,https://letterboxd.com/film/the-man-who-shot-liberty-valance/,4
2013-06-09,Mamma Roma,1962,https://letterboxd.com/film/mamma-roma/,4
2013-06-09,Rocco and His Brothers,1960,https://letterboxd.com/film/rocco-and-his-brothers/,4.5
2013-06-09,The Housemaid,1960,https://letterboxd.com/film/the-housemaid/,4
2013-06-09,Le Trou,1960,https://letterboxd.com/film/le-trou/,4
2013-06-09,Pickpocket,1959,https://letterboxd.com/film/pickpocket/,3.5
2013-06-09,Ben-Hur,1959,https://letterboxd.com/film/ben-hur-1959/,3.5
2013-06-09,The Tarnished Angels,1957,https://letterboxd.com/film/the-tarnished-angels/,3.5
2013-06-09,Vertigo,1958,https://letterboxd.com/film/vertigo/,3.5
2013-06-09,The World of Apu,1959,https://letterboxd.com/film/the-world-of-apu/,4
2013-06-09,Imitation of Life,1959,https://letterboxd.com/film/imitation-of-life-1959/,3.5
2013-06-09,Ordet,1955,https://letterboxd.com/film/ordet/,4
2013-06-09,12 Angry Men,1957,https://letterboxd.com/film/12-angry-men/,4.5
2013-06-09,Le Notti Bianche,1957,https://letterboxd.com/film/le-notti-bianche/,4
2013-06-09,The Incredible Shrinking Man,1957,https://letterboxd.com/film/the-incredible-shrinking-man/,4
2013-06-09,Invasion of the Body Snatchers,1956,https://letterboxd.com/film/invasion-of-the-body-snatchers/,3.5
2013-06-09,The Killing,1956,https://letterboxd.com/film/the-killing/,4.5
2013-06-09,Written on the Wind,1956,https://letterboxd.com/film/written-on-the-wind/,4
2013-06-09,The Wrong Man,1956,https://letterboxd.com/film/the-wrong-man/,3.5
2013-06-09,Witness for the Prosecution,1957,https://letterboxd.com/film/witness-for-the-prosecution-1957/,4.5
2013-06-09,Throne of Blood,1957,https://letterboxd.com/film/throne-of-blood/,4
2013-06-09,Early Spring,1956,https://letterboxd.com/film/early-spring/,4.5
2013-06-09,All That Heaven Allows,1955,https://letterboxd.com/film/all-that-heaven-allows/,3.5
2013-06-09,Diabolique,1955,https://letterboxd.com/film/diabolique-1955/,4.5
2013-06-09,The Night of the Hunter,1955,https://letterboxd.com/film/the-night-of-the-hunter/,4
2013-06-09,Sansho the Bailiff,1954,https://letterboxd.com/film/sansho-the-bailiff/,4
2013-06-09,Rififi,1955,https://letterboxd.com/film/rififi/,4
2013-06-09,Marty,1955,https://letterboxd.com/film/marty/,4
2013-06-09,Rear Window,1954,https://letterboxd.com/film/rear-window/,4
2013-06-09,Tokyo Story,1953,https://letterboxd.com/film/tokyo-story/,4.5
2013-06-09,Pickup on South Street,1953,https://letterboxd.com/film/pickup-on-south-street/,4
2013-06-09,Roman Holiday,1953,https://letterboxd.com/film/roman-holiday/,4
2013-06-09,The Earrings of Madame de...,1953,https://letterboxd.com/film/the-earrings-of-madame-de/,4.5
2013-06-09,The Big Heat,1953,https://letterboxd.com/film/the-big-heat/,4
2013-06-09,Strangers on a Train,1951,https://letterboxd.com/film/strangers-on-a-train/,4.5
2013-06-09,Ace in the Hole,1951,https://letterboxd.com/film/ace-in-the-hole/,4.5
2013-06-09,In a Lonely Place,1950,https://letterboxd.com/film/in-a-lonely-place/,4.5
2013-06-09,Sunset Boulevard,1950,https://letterboxd.com/film/sunset-boulevard/,4
2013-06-09,Harvey,1950,https://letterboxd.com/film/harvey/,4
2013-06-09,Gun Crazy,1950,https://letterboxd.com/film/gun-crazy/,4
2013-06-09,They Live by Night,1948,https://letterboxd.com/film/they-live-by-night/,4
2013-06-09,The Heiress,1949,https://letterboxd.com/film/the-heiress/,4.5
2013-06-09,Late Spring,1949,https://letterboxd.com/film/late-spring/,4
2013-06-09,The Treasure of the Sierra Madre,1948,https://letterboxd.com/film/the-treasure-of-the-sierra-madre/,4
2013-06-09,Letter from an Unknown Woman,1948,https://letterboxd.com/film/letter-from-an-unknown-woman/,3.5
2013-06-09,Red River,1948,https://letterboxd.com/film/red-river/,4
2013-06-09,Unfaithfully Yours,1948,https://letterboxd.com/film/unfaithfully-yours/,3.5
2013-06-09,Brute Force,1947,https://letterboxd.com/film/brute-force/,3.5
2013-06-09,Nightmare Alley,1947,https://letterboxd.com/film/nightmare-alley/,4
2013-06-09,It's a Wonderful Life,1946,https://letterboxd.com/film/its-a-wonderful-life/,4
2013-06-09,My Darling Clementine,1946,https://letterboxd.com/film/my-darling-clementine/,4
2013-06-09,Mildred Pierce,1945,https://letterboxd.com/film/mildred-pierce/,3.5
2013-06-09,The Lost Weekend,1945,https://letterboxd.com/film/the-lost-weekend/,4
2013-06-09,Scarlet Street,1945,https://letterboxd.com/film/scarlet-street/,4
2013-06-09,The Postman Always Rings Twice,1946,https://letterboxd.com/film/the-postman-always-rings-twice/,4
2013-06-09,The Woman in the Window,1944,https://letterboxd.com/film/the-woman-in-the-window/,4
2013-06-09,Laura,1944,https://letterboxd.com/film/laura/,3.5
2013-06-09,Double Indemnity,1944,https://letterboxd.com/film/double-indemnity/,4.5
2013-06-09,The Palm Beach Story,1942,https://letterboxd.com/film/the-palm-beach-story/,4.5
2013-06-09,The Ox-Bow Incident,1943,https://letterboxd.com/film/film:51189/,4.5
2013-06-09,Shadow of a Doubt,1943,https://letterboxd.com/film/shadow-of-a-doubt/,3.5
2013-06-09,The Grapes of Wrath,1940,https://letterboxd.com/film/the-grapes-of-wrath/,3.5
2013-06-09,His Girl Friday,1940,https://letterboxd.com/film/his-girl-friday/,4.5
2013-06-09,The Story of the Last Chrysanthemum,1939,https://letterboxd.com/film/the-story-of-the-last-chrysanthemum/,4.5
2013-06-09,Bringing Up Baby,1938,https://letterboxd.com/film/bringing-up-baby/,4.5
2013-06-09,My Man Godfrey,1936,https://letterboxd.com/film/my-man-godfrey/,3.5
2013-06-09,Modern Times,1936,https://letterboxd.com/film/modern-times/,4
2013-06-09,Captain Blood,1935,https://letterboxd.com/film/captain-blood/,4
2013-06-09,Freaks,1932,https://letterboxd.com/film/freaks/,3.5
2013-06-09,La Chienne,1931,https://letterboxd.com/film/la-chienne/,3.5
2013-06-09,Le Million,1931,https://letterboxd.com/film/le-million/,3.5
2013-06-09,City Lights,1931,https://letterboxd.com/film/city-lights/,4.5
2013-06-09,The Blue Angel,1930,https://letterboxd.com/film/the-blue-angel/,4
2013-06-09,The General,1926,https://letterboxd.com/film/the-general/,4.5
2013-06-09,Sunrise: A Song of Two Humans,1927,https://letterboxd.com/film/sunrise-a-song-of-two-humans/,4.5
2013-06-09,The Crowd,1928,https://letterboxd.com/film/the-crowd/,4
2013-06-09,The Cameraman,1928,https://letterboxd.com/film/the-cameraman/,4
2013-06-09,The Passion of Joan of Arc,1928,https://letterboxd.com/film/the-passion-of-joan-of-arc/,4.5
2013-06-09,Seven Chances,1925,https://letterboxd.com/film/seven-chances/,4
2013-06-09,The Navigator,1924,https://letterboxd.com/film/the-navigator/,4
2013-06-17,The Masque of the Red Death,1964,https://letterboxd.com/film/the-masque-of-the-red-death/,1.5
2013-06-18,This Is the End,2013,https://letterboxd.com/film/this-is-the-end/,2.5
2013-06-18,The Last Stand,2013,https://letterboxd.com/film/the-last-stand-2013/,2.5
2013-06-20,The Tall T,1957,https://letterboxd.com/film/the-tall-t/,3.5
2013-06-21,A Day in the Country,1936,https://letterboxd.com/film/a-day-in-the-country/,4
2013-06-23,After Lucia,2012,https://letterboxd.com/film/after-lucia/,1.5
2013-06-25,Poetical Refugee,2000,https://letterboxd.com/film/poetical-refugee/,3.5
2013-07-04,The Champ,1931,https://letterboxd.com/film/the-champ/,3.5
2013-07-06,Spring Breakers,2012,https://letterboxd.com/film/spring-breakers/,2.5
2013-07-09,Chasing Ice,2012,https://letterboxd.com/film/chasing-ice/,3
2013-07-09,Summer with Monika,1953,https://letterboxd.com/film/summer-with-monika/,3.5
2013-07-09,The Public Enemy,1931,https://letterboxd.com/film/the-public-enemy/,3.5
2013-07-15,Leave Her to Heaven,1945,https://letterboxd.com/film/leave-her-to-heaven/,3.5
2013-07-16,Only the Young,2012,https://letterboxd.com/film/only-the-young/,3
2013-07-16,Christmas in July,1940,https://letterboxd.com/film/christmas-in-july/,4
2013-07-16,The Cable Guy,1996,https://letterboxd.com/film/the-cable-guy/,3.5
2013-07-17,Flirting with Disaster,1996,https://letterboxd.com/film/flirting-with-disaster/,2.5
2013-07-17,The Minister,2011,https://letterboxd.com/film/the-minister/,3
2013-07-17,Where Is My Friend's House?,1987,https://letterboxd.com/film/where-is-my-friends-house/,3
2013-07-22,Stella Dallas,1937,https://letterboxd.com/film/stella-dallas/,3.5
2013-07-22,Perfect Blue,1997,https://letterboxd.com/film/perfect-blue/,4
2013-07-22,A Face in the Crowd,1957,https://letterboxd.com/film/a-face-in-the-crowd/,4
2013-07-24,A Heart in Winter,1992,https://letterboxd.com/film/a-heart-in-winter/,3.5
2013-08-01,In the House,2012,https://letterboxd.com/film/in-the-house/,2
2013-08-01,Grave of the Fireflies,1988,https://letterboxd.com/film/grave-of-the-fireflies/,4
2013-08-21,Paradise: Love,2012,https://letterboxd.com/film/paradise-love/,3.5
2013-08-21,Monsters,2010,https://letterboxd.com/film/monsters/,3
2013-08-21,Roger & Me,1989,https://letterboxd.com/film/roger-me/,3
2013-08-21,Phil Spector,2013,https://letterboxd.com/film/phil-spector/,3
2013-09-02,Mud,2012,https://letterboxd.com/film/mud/,2
2013-09-03,Before Midnight,2013,https://letterboxd.com/film/before-midnight/,2.5
2013-09-06,It's Such a Beautiful Day,2012,https://letterboxd.com/film/its-such-a-beautiful-day/,3.5
2013-09-08,World War Z,2013,https://letterboxd.com/film/world-war-z/,1.5
2013-09-09,La libertad,2001,https://letterboxd.com/film/la-libertad/,2.5
2013-09-09,The Impossible,2012,https://letterboxd.com/film/the-impossible/,1.5
2013-09-11,Hemel,2012,https://letterboxd.com/film/hemel/,3
2013-09-12,Camille Claudel 1915,2013,https://letterboxd.com/film/camille-claudel-1915/,2.5
2013-09-14,From Up on Poppy Hill,2011,https://letterboxd.com/film/from-up-on-poppy-hill/,2
2013-09-14,Joe Versus the Volcano,1990,https://letterboxd.com/film/joe-versus-the-volcano/,3
2013-09-15,Pumping Iron,1977,https://letterboxd.com/film/pumping-iron/,4
2013-09-15,Koyaanisqatsi,1982,https://letterboxd.com/film/koyaanisqatsi/,3.5
2013-09-20,Silent Souls,2010,https://letterboxd.com/film/silent-souls/,3
2013-09-22,It's a Gift,1934,https://letterboxd.com/film/its-a-gift/,3
2013-09-22,Birth,2004,https://letterboxd.com/film/birth-2004/,3.5
2013-09-23,No Rest for the Brave,2003,https://letterboxd.com/film/no-rest-for-the-brave/,2.5
2013-09-26,Computer Chess,2013,https://letterboxd.com/film/computer-chess/,3
2013-09-30,Go,1999,https://letterboxd.com/film/go/,3
2013-09-30,The Past,2013,https://letterboxd.com/film/the-past/,3
2013-10-01,Tabloid,2010,https://letterboxd.com/film/tabloid/,3.5
2013-10-05,The Bling Ring,2013,https://letterboxd.com/film/the-bling-ring/,1.5
2013-10-09,Gravity,2013,https://letterboxd.com/film/gravity-2013/,2.5
2013-10-11,Captain Phillips,2013,https://letterboxd.com/film/captain-phillips/,4
2013-10-14,Noah,2013,https://letterboxd.com/film/noah-2013/,4.5
2013-10-19,All Is Lost,2013,https://letterboxd.com/film/all-is-lost/,3.5
2013-10-27,Blue Is the Warmest Color,2013,https://letterboxd.com/film/blue-is-the-warmest-color/,4
2013-11-03,Portrait of Jennie,1948,https://letterboxd.com/film/portrait-of-jennie/,3
2013-11-10,42,2013,https://letterboxd.com/film/42/,3
2013-11-10,The Letter,1940,https://letterboxd.com/film/the-letter/,3.5
2013-11-23,The Little Foxes,1941,https://letterboxd.com/film/the-little-foxes/,3
2013-11-24,In the Company of Men,1997,https://letterboxd.com/film/in-the-company-of-men/,2.5
2013-11-24,A Summer at Grandpa's,1984,https://letterboxd.com/film/a-summer-at-grandpas/,3
2013-11-29,The Heat,2013,https://letterboxd.com/film/the-heat/,2.5
2013-11-29,Star Trek Into Darkness,2013,https://letterboxd.com/film/star-trek-into-darkness/,3
2013-11-29,American Graffiti,1973,https://letterboxd.com/film/american-graffiti/,1.5
2013-12-02,Spirited Away,2001,https://letterboxd.com/film/spirited-away/,3.5
2013-12-03,Simon Killer,2012,https://letterboxd.com/film/simon-killer/,2.5
2013-12-05,Frances Ha,2012,https://letterboxd.com/film/frances-ha/,3.5
2013-12-10,About Time,2013,https://letterboxd.com/film/about-time/,3
2013-12-11,21 Jump Street,2012,https://letterboxd.com/film/21-jump-street/,3.5
2013-12-11,Blue Jasmine,2013,https://letterboxd.com/film/blue-jasmine/,2.5
2013-12-11,The Descendants,2011,https://letterboxd.com/film/the-descendants/,1
2013-12-12,The Conjuring,2013,https://letterboxd.com/film/the-conjuring/,3.5
2013-12-14,Insidious,2010,https://letterboxd.com/film/insidious/,1
2013-12-21,Our Children,2012,https://letterboxd.com/film/our-children/,1
2013-12-21,The Spectacular Now,2013,https://letterboxd.com/film/the-spectacular-now/,3.5
2013-12-23,Dallas Buyers Club,2013,https://letterboxd.com/film/dallas-buyers-club/,2.5
2013-12-23,Leviathan,2012,https://letterboxd.com/film/leviathan-2012/,4
2013-12-24,The Blair Witch Project,1999,https://letterboxd.com/film/the-blair-witch-project/,3.5
2013-12-27,Moolaadé,2004,https://letterboxd.com/film/moolaade/,3.5
2013-12-27,[REC],2007,https://letterboxd.com/film/rec/,2.5
2013-12-27,20 Feet from Stardom,2013,https://letterboxd.com/film/20-feet-from-stardom/,3
2013-12-29,Paranormal Activity,2007,https://letterboxd.com/film/paranormal-activity/,4.5
2014-01-01,12 Years a Slave,2013,https://letterboxd.com/film/12-years-a-slave/,3.5
2014-01-02,Rush,2013,https://letterboxd.com/film/rush-2013/,4
2014-01-02,The Wolf of Wall Street,2013,https://letterboxd.com/film/the-wolf-of-wall-street/,4.5
2014-01-04,American Hustle,2013,https://letterboxd.com/film/american-hustle/,2
2014-01-06,Bad Grandpa,2013,https://letterboxd.com/film/bad-grandpa/,2.5
2014-01-07,Blackfish,2013,https://letterboxd.com/film/blackfish/,3
2014-01-08,Short Term 12,2013,https://letterboxd.com/film/short-term-12-2013/,0.5
2014-01-08,Don Jon,2013,https://letterboxd.com/film/don-jon/,2.5
2014-01-10,Her,2013,https://letterboxd.com/film/her/,2
2014-01-14,Senna,2010,https://letterboxd.com/film/senna/,4
2014-01-20,Biggie and Tupac,2002,https://letterboxd.com/film/biggie-and-tupac/,3.5
2014-01-20,Kurt & Courtney,1998,https://letterboxd.com/film/kurt-courtney/,3.5
2014-01-21,Seduced and Abandoned,2013,https://letterboxd.com/film/seduced-and-abandoned-2013/,3
2014-01-21,Affliction,1997,https://letterboxd.com/film/affliction/,3
2014-01-25,Inside Llewyn Davis,2013,https://letterboxd.com/film/inside-llewyn-davis/,3
2014-01-27,No,2012,https://letterboxd.com/film/no-2012/,3.5
2014-01-27,Microcosmos,1996,https://letterboxd.com/film/microcosmos/,4
2014-01-29,Jesus Camp,2006,https://letterboxd.com/film/jesus-camp/,3.5
2014-01-31,A Touch of Sin,2013,https://letterboxd.com/film/a-touch-of-sin/,2.5
2014-02-02,Fruitvale Station,2013,https://letterboxd.com/film/fruitvale-station/,1
2014-02-02,Hannah Arendt,2012,https://letterboxd.com/film/hannah-arendt/,3
2014-02-03,A World Without Women,2011,https://letterboxd.com/film/a-world-without-women/,4.5
2014-02-05,Arbitrage,2012,https://letterboxd.com/film/arbitrage/,4
2014-02-12,Happiness,1998,https://letterboxd.com/film/happiness/,4.5
2014-02-14,Nebraska,2013,https://letterboxd.com/film/nebraska/,2.5
2014-02-16,The Armstrong Lie,2013,https://letterboxd.com/film/the-armstrong-lie/,3.5
2014-02-23,The Lego Movie,2014,https://letterboxd.com/film/the-lego-movie/,4
2014-02-23,The Counselor,2013,https://letterboxd.com/film/the-counselor/,1
2014-02-24,Sixteen Candles,1984,https://letterboxd.com/film/sixteen-candles/,3.5
2014-02-28,We Steal Secrets: The Story of WikiLeaks,2013,https://letterboxd.com/film/we-steal-secrets-the-story-of-wikileaks/,3
2014-03-02,American Movie,1999,https://letterboxd.com/film/american-movie/,3.5
2014-03-02,Gaslight,1944,https://letterboxd.com/film/gaslight-1944/,3
2014-03-04,Braveheart,1995,https://letterboxd.com/film/braveheart/,4.5
2014-03-04,Enron: The Smartest Guys in the Room,2005,https://letterboxd.com/film/enron-the-smartest-guys-in-the-room/,3.5
2014-03-06,Taxi to the Dark Side,2007,https://letterboxd.com/film/taxi-to-the-dark-side/,3
2014-03-08,Cloudy with a Chance of Meatballs,2009,https://letterboxd.com/film/cloudy-with-a-chance-of-meatballs/,3.5
2014-03-10,Cyclo,1995,https://letterboxd.com/film/cyclo/,3
2014-03-13,Nymphomaniac: Vol. I,2013,https://letterboxd.com/film/nymphomaniac-volume-i/,3.5
2014-03-17,First Cousin Once Removed,2012,https://letterboxd.com/film/first-cousin-once-removed/,4
2014-03-20,The Grand Budapest Hotel,2014,https://letterboxd.com/film/the-grand-budapest-hotel/,1.5
2014-03-23,Water Lilies,2007,https://letterboxd.com/film/water-lilies/,3.5
2014-04-02,Mary and Max,2009,https://letterboxd.com/film/mary-and-max/,3.5
2014-04-03,Snowpiercer,2013,https://letterboxd.com/film/snowpiercer/,1
2014-04-07,Under the Skin,2013,https://letterboxd.com/film/under-the-skin-2013/,2.5
2014-04-08,The Adventures of Robin Hood,1938,https://letterboxd.com/film/the-adventures-of-robin-hood/,3.5
2014-04-14,Thief,1981,https://letterboxd.com/film/thief/,4
2014-04-20,To Be and to Have,2002,https://letterboxd.com/film/to-be-and-to-have/,3.5
2014-04-27,The Staircase,2004,https://letterboxd.com/film/the-staircase/,4.5
2014-05-08,Nymphomaniac: Vol. II,2013,https://letterboxd.com/film/nymphomaniac-volume-ii/,3.5
2014-05-08,We Are the Best!,2013,https://letterboxd.com/film/we-are-the-best/,3.5
2014-05-12,The Age of Innocence,1993,https://letterboxd.com/film/the-age-of-innocence/,3.5
2014-05-15,Le Havre,2011,https://letterboxd.com/film/le-havre/,3
2014-05-23,Godzilla,2014,https://letterboxd.com/film/godzilla-2014/,3
2014-05-23,Welcome to New York,2014,https://letterboxd.com/film/welcome-to-new-york/,3.5
2014-05-27,The Woman Who Wasn't There,2012,https://letterboxd.com/film/the-woman-who-wasnt-there/,3.5
2014-05-31,Oculus,2013,https://letterboxd.com/film/oculus/,2.5
2014-06-15,The Sea Hawk,1940,https://letterboxd.com/film/the-sea-hawk-1940/,3.5
2014-06-15,In the Loop,2009,https://letterboxd.com/film/in-the-loop/,3.5
2014-06-15,Stranger by the Lake,2013,https://letterboxd.com/film/stranger-by-the-lake/,3.5
2014-06-16,The Friends of Eddie Coyle,1973,https://letterboxd.com/film/the-friends-of-eddie-coyle/,4
2014-06-16,Captains Courageous,1937,https://letterboxd.com/film/captains-courageous/,3.5
2014-06-19,The Naked Kiss,1964,https://letterboxd.com/film/the-naked-kiss/,2.5
2014-06-22,The Times of Harvey Milk,1984,https://letterboxd.com/film/the-times-of-harvey-milk/,3.5
2014-06-22,La Cérémonie,1995,https://letterboxd.com/film/la-ceremonie/,4
2014-06-23,Dear Zachary: A Letter to a Son About His Father,2008,https://letterboxd.com/film/dear-zachary-a-letter-to-a-son-about-his-father/,3.5
2014-06-23,Detour,1945,https://letterboxd.com/film/detour/,3.5
2014-06-24,The Set-Up,1949,https://letterboxd.com/film/the-set-up/,4
2014-06-26,Hud,1963,https://letterboxd.com/film/hud/,4
2014-06-26,Joe,2013,https://letterboxd.com/film/joe-2013/,3.5
2014-06-29,Heidi Fleiss: Hollywood Madam,1995,https://letterboxd.com/film/heidi-fleiss-hollywood-madam/,3
2014-06-29,The Naked Spur,1953,https://letterboxd.com/film/the-naked-spur/,3
2014-06-29,The House I Live In,2012,https://letterboxd.com/film/the-house-i-live-in/,3
2014-07-01,Tim's Vermeer,2013,https://letterboxd.com/film/tims-vermeer/,4
2014-07-01,X-Men: First Class,2011,https://letterboxd.com/film/x-men-first-class/,2.5
2014-07-04,A Passage to India,1984,https://letterboxd.com/film/a-passage-to-india/,2.5
2014-07-05,Close-Up,1990,https://letterboxd.com/film/close-up/,3.5
2014-07-05,Nenette and Boni,1996,https://letterboxd.com/film/nenette-and-boni/,3.5
2014-07-05,Heaven Can Wait,1943,https://letterboxd.com/film/heaven-can-wait/,3
2014-07-05,Panic in the Streets,1950,https://letterboxd.com/film/panic-in-the-streets/,2.5
2014-07-11,Fox and His Friends,1975,https://letterboxd.com/film/fox-and-his-friends/,4
2014-07-14,Dawn of the Planet of the Apes,2014,https://letterboxd.com/film/dawn-of-the-planet-of-the-apes/,3.5
2014-07-14,Cape Fear,1991,https://letterboxd.com/film/cape-fear-1991/,3
2014-07-19,The Cruise,1998,https://letterboxd.com/film/the-cruise/,3
2014-07-19,Buchanan Rides Alone,1958,https://letterboxd.com/film/buchanan-rides-alone/,3
2014-07-20,Boyhood,2014,https://letterboxd.com/film/boyhood/,3.5
2014-07-21,About Last Night,2014,https://letterboxd.com/film/about-last-night-2014/,3
2014-07-21,The Unknown Known,2013,https://letterboxd.com/film/the-unknown-known/,2.5
2014-08-02,"Harry, He's Here To Help",2000,https://letterboxd.com/film/harry-hes-here-to-help/,3.5
2014-08-11,Afflicted,2013,https://letterboxd.com/film/afflicted/,1.5
2014-08-24,Blades of Glory,2007,https://letterboxd.com/film/blades-of-glory/,1
2014-08-25,The Secret Garden,1993,https://letterboxd.com/film/the-secret-garden-1993/,3
2014-08-28,The Funeral,1996,https://letterboxd.com/film/the-funeral-1996/,3
2014-08-28,Climates,2006,https://letterboxd.com/film/climates/,3.5
2014-08-28,In the Heat of the Night,1967,https://letterboxd.com/film/in-the-heat-of-the-night/,3.5
2014-09-22,The Drop,2014,https://letterboxd.com/film/the-drop-2014/,2.5
2014-09-24,"Like Father, Like Son",2013,https://letterboxd.com/film/like-father-like-son-2013/,3.5
2014-09-28,The Man from Nowhere,2010,https://letterboxd.com/film/the-man-from-nowhere/,1.5
2014-09-28,Das Boot,1981,https://letterboxd.com/film/das-boot/,2.5
2014-09-28,Annie Hall,1977,https://letterboxd.com/film/annie-hall/,3.5
2014-10-03,An Autumn Afternoon,1962,https://letterboxd.com/film/an-autumn-afternoon/,3
2014-10-05,Gone Girl,2014,https://letterboxd.com/film/gone-girl/,3.5
2014-10-09,Joint Security Area,2000,https://letterboxd.com/film/joint-security-area/,2
2014-10-11,Sister,2012,https://letterboxd.com/film/sister/,3
2014-10-15,How to Train Your Dragon 2,2014,https://letterboxd.com/film/how-to-train-your-dragon-2/,3
2014-10-18,Hachi: A Dog's Tale,2009,https://letterboxd.com/film/hachi-a-dogs-tale/,3
2014-10-21,Edge of Tomorrow,2014,https://letterboxd.com/film/edge-of-tomorrow/,3.5
2014-10-27,Tomboy,2011,https://letterboxd.com/film/tomboy-2011/,3.5
2014-10-27,Tombstone,1993,https://letterboxd.com/film/tombstone/,3
2014-11-01,The American,2010,https://letterboxd.com/film/the-american/,3
2014-11-04,K-19: The Widowmaker,2002,https://letterboxd.com/film/k-19-the-widowmaker/,4
2014-11-06,Fresh,1994,https://letterboxd.com/film/fresh/,3.5
2014-11-09,It Follows,2014,https://letterboxd.com/film/it-follows/,3.5
2014-11-11,Mr. Turner,2014,https://letterboxd.com/film/mr-turner/,2.5
2014-11-11,Girlhood,2014,https://letterboxd.com/film/girlhood-2014/,3
2014-11-14,The Duke of Burgundy,2014,https://letterboxd.com/film/the-duke-of-burgundy/,3
2014-11-17,Interstellar,2014,https://letterboxd.com/film/interstellar/,2
2014-11-18,Foxcatcher,2014,https://letterboxd.com/film/foxcatcher/,3.5
2014-11-23,Blue Ruin,2013,https://letterboxd.com/film/blue-ruin/,2
2014-11-30,Our Idiot Brother,2011,https://letterboxd.com/film/our-idiot-brother/,3
2014-11-30,Side Effects,2013,https://letterboxd.com/film/side-effects-2013/,3
2014-12-01,Witness,1985,https://letterboxd.com/film/witness/,3.5
2014-12-01,The Crossing Guard,1995,https://letterboxd.com/film/the-crossing-guard/,1.5
2014-12-03,Cutie and the Boxer,2013,https://letterboxd.com/film/cutie-and-the-boxer/,3.5
2014-12-05,Cigarettes & Coffee,1993,https://letterboxd.com/film/cigarettes-coffee/,3
2014-12-05,This Is John,2003,https://letterboxd.com/film/this-is-john/,3.5
2014-12-08,The Ides of March,2011,https://letterboxd.com/film/the-ides-of-march/,4
2014-12-14,Nightcrawler,2014,https://letterboxd.com/film/nightcrawler/,3.5
2014-12-17,Goodbye First Love,2011,https://letterboxd.com/film/goodbye-first-love/,2
2014-12-17,Mad Max,1979,https://letterboxd.com/film/mad-max/,2
2014-12-22,Sex and Lucia,2001,https://letterboxd.com/film/sex-and-lucia/,1
2014-12-22,Strange Days,1995,https://letterboxd.com/film/strange-days/,3
2014-12-23,Aileen Wuornos: The Selling of a Serial Killer,1992,https://letterboxd.com/film/aileen-wuornos-the-selling-of-a-serial-killer/,3.5
2014-12-23,Aileen: Life and Death of a Serial Killer,2003,https://letterboxd.com/film/aileen-life-and-death-of-a-serial-killer/,3
2014-12-24,Rain Man,1988,https://letterboxd.com/film/rain-man/,3.5
2014-12-26,Hot Rod,2007,https://letterboxd.com/film/hot-rod/,0.5
2014-12-27,Y Tu Mamá También,2001,https://letterboxd.com/film/y-tu-mama-tambien/,3
2014-12-28,The Trip,2010,https://letterboxd.com/film/the-trip-2010/,3
2014-12-30,The Imitation Game,2014,https://letterboxd.com/film/the-imitation-game/,3
2015-01-01,Earth,1930,https://letterboxd.com/film/earth-1930/,2
2015-01-10,Whiplash,2014,https://letterboxd.com/film/whiplash-2014/,4
2015-01-12,Big Hero 6,2014,https://letterboxd.com/film/big-hero-6/,3
2015-01-12,American Sniper,2014,https://letterboxd.com/film/american-sniper/,1.5
2015-01-13,Unbroken,2014,https://letterboxd.com/film/unbroken/,1
2015-01-14,The Interview,2014,https://letterboxd.com/film/the-interview-2014/,2
2015-01-15,The Babadook,2014,https://letterboxd.com/film/the-babadook/,3.5
2015-01-18,Fury,2014,https://letterboxd.com/film/fury-2014/,3.5
2015-01-22,Undefeated,2011,https://letterboxd.com/film/undefeated-2011/,3.5
2015-01-26,Paddington,2014,https://letterboxd.com/film/paddington/,3
2015-01-30,Force Majeure,2014,https://letterboxd.com/film/force-majeure-2014/,3.5
2015-01-31,Virunga,2014,https://letterboxd.com/film/virunga/,2.5
2015-02-03,The One I Love,2014,https://letterboxd.com/film/the-one-i-love-2014/,3
2015-02-05,Swingers,1996,https://letterboxd.com/film/swingers/,2.5
2015-02-06,Frank,2014,https://letterboxd.com/film/frank-2014/,1.5
2015-02-08,Paradise: Hope,2013,https://letterboxd.com/film/paradise-hope/,3.5
2015-02-09,Coherence,2013,https://letterboxd.com/film/coherence/,3.5
2015-02-10,Megamind,2010,https://letterboxd.com/film/megamind/,3
2015-02-15,"Two Days, One Night",2014,https://letterboxd.com/film/two-days-one-night/,4
2015-02-15,There's Always Tomorrow,1956,https://letterboxd.com/film/theres-always-tomorrow/,3.5
2015-02-16,Listen Up Philip,2014,https://letterboxd.com/film/listen-up-philip/,4
2015-02-16,Only Lovers Left Alive,2013,https://letterboxd.com/film/only-lovers-left-alive/,2
2015-02-17,Chef,2014,https://letterboxd.com/film/chef/,3
2015-02-22,Ida,2013,https://letterboxd.com/film/ida/,2.5
2015-02-23,Modern Romance,1981,https://letterboxd.com/film/modern-romance/,2.5
2015-02-26,Hannah Takes the Stairs,2007,https://letterboxd.com/film/hannah-takes-the-stairs/,2.5
2015-02-27,Citizenfour,2014,https://letterboxd.com/film/citizenfour/,3.5
2015-03-02,Birdman,2014,https://letterboxd.com/film/birdman/,2.5
2015-03-08,It's a Disaster,2012,https://letterboxd.com/film/its-a-disaster/,2.5
2015-03-08,Chappie,2015,https://letterboxd.com/film/chappie/,5
2015-03-08,Kingsman: The Secret Service,2014,https://letterboxd.com/film/kingsman-the-secret-service/,3
2015-03-14,Cropsey,2010,https://letterboxd.com/film/cropsey/,3.5
2015-03-16,The Jinx: The Life and Deaths of Robert Durst,2015,https://letterboxd.com/film/the-jinx-the-life-and-deaths-of-robert-durst/,4
2015-03-16,The Iron Giant,1999,https://letterboxd.com/film/the-iron-giant/,3
2015-03-31,Spanking the Monkey,1994,https://letterboxd.com/film/spanking-the-monkey/,3
2015-03-31,The Mortal Storm,1940,https://letterboxd.com/film/the-mortal-storm/,3.5
2015-04-01,Going Clear: Scientology and the Prison of Belief,2015,https://letterboxd.com/film/going-clear-scientology-and-the-prison-of-belief/,3
2015-04-06,Being Elmo: A Puppeteer's Journey,2011,https://letterboxd.com/film/being-elmo-a-puppeteers-journey/,2.5
2015-04-10,The Descent,2005,https://letterboxd.com/film/the-descent/,2.5
2015-04-13,Lincoln,2012,https://letterboxd.com/film/lincoln/,2.5
2015-04-19,Li'l Quinquin,2014,https://letterboxd.com/film/lil-quinquin/,3.5
2015-04-19,Walk the Line,2005,https://letterboxd.com/film/walk-the-line/,4
2015-05-02,Fed Up,2014,https://letterboxd.com/film/fed-up-2014/,2.5
2015-05-03,Bottle Rocket,1996,https://letterboxd.com/film/bottle-rocket-1996/,3.5
2015-05-04,Whitey: United States of America v. James J. Bulger,2014,https://letterboxd.com/film/whitey-united-states-of-america-v-james-j-bulger/,2.5
2015-05-07,Bird People,2014,https://letterboxd.com/film/bird-people/,2.5
2015-05-07,Showrunners: The Art of Running a TV Show,2014,https://letterboxd.com/film/showrunners-the-art-of-running-a-tv-show/,2
2015-05-07,The Overnighters,2014,https://letterboxd.com/film/the-overnighters/,3
2015-05-12,Click,2006,https://letterboxd.com/film/click/,3.5
2015-05-17,Magic in the Moonlight,2014,https://letterboxd.com/film/magic-in-the-moonlight/,3
2015-05-17,Mad Max: Fury Road,2015,https://letterboxd.com/film/mad-max-fury-road/,4
2015-05-18,Saturday Night Fever,1977,https://letterboxd.com/film/saturday-night-fever/,3.5
2015-05-25,La Haine,1995,https://letterboxd.com/film/la-haine/,4.5
2015-05-25,Pitch Perfect 2,2015,https://letterboxd.com/film/pitch-perfect-2/,3.5
2015-05-27,Ex Machina,2014,https://letterboxd.com/film/ex-machina-2014/,3
2015-05-27,Magnificent Obsession,1954,https://letterboxd.com/film/magnificent-obsession-1954/,2.5
2015-05-28,Life Itself,2014,https://letterboxd.com/film/life-itself/,2
2015-05-31,Cobain: Montage of Heck,2015,https://letterboxd.com/film/cobain-montage-of-heck/,3.5
2015-06-03,The DUFF,2015,https://letterboxd.com/film/the-duff/,2.5
2015-06-06,Captain America: The Winter Soldier,2014,https://letterboxd.com/film/captain-america-the-winter-soldier/,2.5
2015-06-08,Forbidden Planet,1956,https://letterboxd.com/film/forbidden-planet/,3
2015-06-08,Mary Last Seen,2010,https://letterboxd.com/film/mary-last-seen/,4
2015-06-08,Spy,2015,https://letterboxd.com/film/spy/,3
2015-06-14,Heaven Knows What,2014,https://letterboxd.com/film/heaven-knows-what/,4
2015-06-15,Southcliffe,2013,https://letterboxd.com/film/southcliffe/,2
2015-06-16,Hot Girls Wanted,2015,https://letterboxd.com/film/hot-girls-wanted/,1.5
2015-06-21,Jurassic World,2015,https://letterboxd.com/film/jurassic-world/,2.5
2015-07-01,Timbuktu,2014,https://letterboxd.com/film/timbuktu-2014/,4
2015-07-01,"McFarland, USA",2015,https://letterboxd.com/film/mcfarland-usa/,3
2015-07-02,Inside Out,2015,https://letterboxd.com/film/inside-out-2015/,3.5
2015-07-05,Ballet 422,2014,https://letterboxd.com/film/ballet-422/,2
2015-07-13,Black Sea,2014,https://letterboxd.com/film/black-sea-2014/,3
2015-07-13,Lost in La Mancha,2002,https://letterboxd.com/film/lost-in-la-mancha/,4
2015-07-20,The Wicker Man,1973,https://letterboxd.com/film/the-wicker-man/,2.5
2015-07-20,Wreck-It Ralph,2012,https://letterboxd.com/film/wreck-it-ralph/,4
2015-07-26,Amy,2015,https://letterboxd.com/film/amy-2015/,3
2015-07-29,Master and Commander: The Far Side of the World,2003,https://letterboxd.com/film/master-and-commander-the-far-side-of-the-world/,3.5
2015-07-30,La Strada,1954,https://letterboxd.com/film/la-strada/,3.5
2015-08-01,Shoeshine,1946,https://letterboxd.com/film/shoeshine/,3.5
2015-08-02,Trainwreck,2015,https://letterboxd.com/film/trainwreck/,0.5
2015-08-06,Mission: Impossible - Rogue Nation,2015,https://letterboxd.com/film/mission-impossible-rogue-nation/,2
2015-08-07,Barcelona,1994,https://letterboxd.com/film/barcelona/,2
2015-08-16,The Skeleton Twins,2014,https://letterboxd.com/film/the-skeleton-twins/,3.5
2015-08-17,Child 44,2015,https://letterboxd.com/film/child-44/,2
2015-08-19,The Gift,2015,https://letterboxd.com/film/the-gift-2015-1/,3.5
2015-08-24,Crimson Tide,1995,https://letterboxd.com/film/crimson-tide/,3.5
2015-08-29,Last Days in Vietnam,2014,https://letterboxd.com/film/last-days-in-vietnam/,4
2015-09-01,Damsels in Distress,2011,https://letterboxd.com/film/damsels-in-distress/,2
2015-09-01,Frenzy,1972,https://letterboxd.com/film/frenzy/,3
2015-09-01,The Natural,1984,https://letterboxd.com/film/the-natural/,3
2015-09-07,San Andreas,2015,https://letterboxd.com/film/san-andreas/,2
2015-09-07,Magic Mike XXL,2015,https://letterboxd.com/film/magic-mike-xxl/,1
2015-09-08,Love & Mercy,2014,https://letterboxd.com/film/love-mercy/,4
2015-09-12,Get on Up,2014,https://letterboxd.com/film/get-on-up/,3
2015-09-19,Black Mass,2015,https://letterboxd.com/film/black-mass-2015/,1.5
2015-09-20,Sicario,2015,https://letterboxd.com/film/sicario-2015/,4
2015-09-28,Blue Steel,1990,https://letterboxd.com/film/blue-steel-1990/,2.5
2015-09-28,Near Dark,1987,https://letterboxd.com/film/near-dark/,2.5
2015-09-29,"Now, Voyager",1942,https://letterboxd.com/film/now-voyager/,3.5
2015-09-29,6 Years,2015,https://letterboxd.com/film/6-years/,3
2015-10-04,Still Walking,2008,https://letterboxd.com/film/still-walking/,3.5
2015-10-07,The Martian,2015,https://letterboxd.com/film/the-martian/,3.5
2015-10-19,Satan,2006,https://letterboxd.com/film/satan-2006/,3
2015-10-23,The End of the Tour,2015,https://letterboxd.com/film/the-end-of-the-tour/,3.5
2015-10-24,Bridge of Spies,2015,https://letterboxd.com/film/bridge-of-spies/,3
2015-10-26,The Overnight,2015,https://letterboxd.com/film/the-overnight/,3.5
2015-10-26,Steve Jobs,2015,https://letterboxd.com/film/steve-jobs/,3.5
2015-10-27,Shaun the Sheep Movie,2015,https://letterboxd.com/film/shaun-the-sheep-movie/,3.5
2015-10-29,Everest,2015,https://letterboxd.com/film/everest-2015/,3.5
2015-11-02,Scary Movie,2000,https://letterboxd.com/film/scary-movie-2000/,3
2015-11-02,Show Me a Hero,2015,https://letterboxd.com/film/show-me-a-hero/,4.5
2015-11-07,Quai des Orfèvres,1947,https://letterboxd.com/film/quai-des-orfevres-1947/,3
2015-11-10,Crooklyn,1994,https://letterboxd.com/film/crooklyn/,2.5
2015-11-10,A Little Princess,1995,https://letterboxd.com/film/a-little-princess-1995/,3
2015-11-11,What We Do in the Shadows,2014,https://letterboxd.com/film/what-we-do-in-the-shadows/,3.5
2015-11-17,Spectre,2015,https://letterboxd.com/film/spectre-2015/,1
2015-11-20,Ant-Man,2015,https://letterboxd.com/film/ant-man/,3
2015-11-20,Mistress America,2015,https://letterboxd.com/film/mistress-america/,3.5
2015-11-22,Carol,2015,https://letterboxd.com/film/carol-2015/,4
2015-12-04,Slow West,2015,https://letterboxd.com/film/slow-west/,2.5
2015-12-05,The Raid,2011,https://letterboxd.com/film/the-raid-2011/,3.5
2015-12-05,Son of Saul,2015,https://letterboxd.com/film/son-of-saul/,4.5
2015-12-08,Grandma's Boy,2006,https://letterboxd.com/film/grandmas-boy-2006/,2.5
2015-12-12,The Man from U.N.C.L.E.,2015,https://letterboxd.com/film/the-man-from-uncle/,3
2015-12-12,Tangerine,2015,https://letterboxd.com/film/tangerine/,2.5
2015-12-14,James White,2015,https://letterboxd.com/film/james-white/,2
2015-12-21,"3 ½ Minutes, 10 Bullets",2015,https://letterboxd.com/film/3-minutes-10-bullets/,3
2015-12-21,Spotlight,2015,https://letterboxd.com/film/spotlight/,3
2015-12-23,Room,2015,https://letterboxd.com/film/room-2015/,3
2015-12-23,Straight Outta Compton,2015,https://letterboxd.com/film/straight-outta-compton/,2.5
2015-12-25,Concussion,2015,https://letterboxd.com/film/concussion-2015/,2
2015-12-25,Creed,2015,https://letterboxd.com/film/creed/,3
2015-12-27,Star Wars: The Force Awakens,2015,https://letterboxd.com/film/star-wars-the-force-awakens/,3.5
2015-12-28,The Revenant,2015,https://letterboxd.com/film/the-revenant-2015/,3.5
2016-01-09,The Danish Girl,2015,https://letterboxd.com/film/the-danish-girl/,1.5
2016-01-09,99 Homes,2014,https://letterboxd.com/film/99-homes/,3.5
2016-01-11,The Hateful Eight,2015,https://letterboxd.com/film/the-hateful-eight/,4.5
2016-01-16,Making a Murderer,2015,https://letterboxd.com/film/making-a-murderer/,3.5
2016-01-19,The Good Dinosaur,2015,https://letterboxd.com/film/the-good-dinosaur/,3
2016-01-26,Anomalisa,2015,https://letterboxd.com/film/anomalisa/,3.5
2016-01-29,Where to Invade Next,2015,https://letterboxd.com/film/where-to-invade-next/,2
2016-01-31,Joy,2015,https://letterboxd.com/film/joy-2015/,4
2016-02-03,Polytechnique,2009,https://letterboxd.com/film/polytechnique/,2
2016-02-03,Manhunter,1986,https://letterboxd.com/film/manhunter/,3
2016-02-08,Love,2015,https://letterboxd.com/film/love-2015/,2
2016-02-12,Snow on tha Bluff,2011,https://letterboxd.com/film/snow-on-tha-bluff/,4
2016-02-16,Begin Again,2013,https://letterboxd.com/film/begin-again/,3
2016-02-16,Straight Time,1978,https://letterboxd.com/film/straight-time/,3.5
2016-02-24,Mustang,2015,https://letterboxd.com/film/mustang-2015/,3
2016-02-24,The Witch,2015,https://letterboxd.com/film/the-witch-2015/,2.5
2016-02-26,"Right Now, Wrong Then",2015,https://letterboxd.com/film/right-now-wrong-then/,3.5
2016-02-28,Intolerable Cruelty,2003,https://letterboxd.com/film/intolerable-cruelty/,4
2016-03-08,Bride of Frankenstein,1935,https://letterboxd.com/film/bride-of-frankenstein/,3
2016-03-11,Steve Jobs: The Man in the Machine,2015,https://letterboxd.com/film/steve-jobs-the-man-in-the-machine/,3
2016-03-11,Fatima,2015,https://letterboxd.com/film/fatima-2015/,2
2016-03-13,Cartel Land,2015,https://letterboxd.com/film/cartel-land/,2
2016-03-13,Donkey Skin,1970,https://letterboxd.com/film/donkey-skin/,4
2016-03-23,Beasts of No Nation,2015,https://letterboxd.com/film/beasts-of-no-nation/,2
2016-04-03,Sister Act,1992,https://letterboxd.com/film/sister-act/,3
2016-04-03,Zootopia,2016,https://letterboxd.com/film/zootopia/,3.5
2016-04-11,Raja,2003,https://letterboxd.com/film/raja-2003/,3
2016-04-12,Murder on a Sunday Morning,2001,https://letterboxd.com/film/murder-on-a-sunday-morning/,3.5
2016-04-13,The Big Short,2015,https://letterboxd.com/film/the-big-short/,2
2016-04-15,World of Tomorrow,2015,https://letterboxd.com/film/world-of-tomorrow/,2.5
2016-04-16,My King,2015,https://letterboxd.com/film/my-king-2015/,3
2016-04-17,Still Alice,2014,https://letterboxd.com/film/still-alice/,3.5
2016-04-27,Brooklyn,2015,https://letterboxd.com/film/brooklyn/,3.5
2016-05-03,The Jungle Book,2016,https://letterboxd.com/film/the-jungle-book-2016/,2.5
2016-05-08,Girlfight,2000,https://letterboxd.com/film/girlfight/,2
2016-05-14,Destry Rides Again,1939,https://letterboxd.com/film/destry-rides-again/,3
2016-05-17,Fair Game,2010,https://letterboxd.com/film/fair-game-2010/,3.5
2016-05-24,Wolf,2013,https://letterboxd.com/film/wolf-2013/,3
2016-06-01,The New Kid,2015,https://letterboxd.com/film/the-new-kid/,4
2016-06-02,Cool Hand Luke,1967,https://letterboxd.com/film/cool-hand-luke/,3
2016-06-04,Monster's Ball,2001,https://letterboxd.com/film/monsters-ball/,1.5
2016-06-06,Ma 6-T va crack-er,1997,https://letterboxd.com/film/ma-6-t-va-crack-er/,2
2016-06-30,Duplicity,2009,https://letterboxd.com/film/duplicity/,2
2016-06-30,"Wesh Wesh, qu'est-ce qui se passe ?",2001,https://letterboxd.com/film/wesh-wesh-quest-ce-qui-se-passe/,2.5
2016-06-30,Eye in the Sky,2015,https://letterboxd.com/film/eye-in-the-sky-2015/,3
2016-07-01,Hospital,1970,https://letterboxd.com/film/hospital-1970/,3
2016-07-03,While We're Young,2014,https://letterboxd.com/film/while-were-young/,2.5
2016-07-04,Locke,2013,https://letterboxd.com/film/locke/,3
2016-07-05,Hackers,1995,https://letterboxd.com/film/hackers/,2.5
2016-07-07,O.J.: Made in America,2016,https://letterboxd.com/film/oj-made-in-america/,4
2016-07-12,Sombre,1998,https://letterboxd.com/film/sombre/,2.5
2016-07-13,Jim Jefferies: Freedumb,2016,https://letterboxd.com/film/jim-jefferies-freedumb/,3.5
2016-07-14,Wanderlust,2012,https://letterboxd.com/film/wanderlust/,3
2016-07-17,The Secret Life of Pets,2016,https://letterboxd.com/film/the-secret-life-of-pets/,2
2016-07-17,Me and Earl and the Dying Girl,2015,https://letterboxd.com/film/me-and-earl-and-the-dying-girl/,1.5
2016-07-20,Unfriended,2014,https://letterboxd.com/film/unfriended/,2.5
2016-07-21,Embrace of the Serpent,2015,https://letterboxd.com/film/embrace-of-the-serpent/,3
2016-07-24,Star Trek Beyond,2016,https://letterboxd.com/film/star-trek-beyond/,2
2016-07-29,Time of the Gypsies,1988,https://letterboxd.com/film/time-of-the-gypsies/,3
2016-07-29,Yankee Doodle Dandy,1942,https://letterboxd.com/film/yankee-doodle-dandy/,2
2016-08-02,Ghostbusters,2016,https://letterboxd.com/film/ghostbusters-2016/,4
2016-08-08,Tony Robbins: I Am Not Your Guru,2016,https://letterboxd.com/film/tony-robbins-i-am-not-your-guru/,2.5
2016-08-09,Jason Bourne,2016,https://letterboxd.com/film/jason-bourne/,2
2016-08-14,Sausage Party,2016,https://letterboxd.com/film/sausage-party/,1
2016-08-16,"Hail, Caesar!",2016,https://letterboxd.com/film/hail-caesar-2016/,2
2016-08-17,Train to Busan,2016,https://letterboxd.com/film/train-to-busan/,3.5
2016-08-18,The Lobster,2015,https://letterboxd.com/film/the-lobster/,1.5
2016-08-22,'71,2014,https://letterboxd.com/film/71/,3
2016-08-22,Jim Gaffigan: Obsessed,2014,https://letterboxd.com/film/jim-gaffigan-obsessed/,3.5
2016-08-22,War Dogs,2016,https://letterboxd.com/film/war-dogs-2016/,3
2016-08-31,Hell or High Water,2016,https://letterboxd.com/film/hell-or-high-water/,2.5
2016-09-03,Wiener-Dog,2016,https://letterboxd.com/film/wiener-dog/,1.5
2016-09-04,The Nice Guys,2016,https://letterboxd.com/film/the-nice-guys/,2.5
2016-09-07,Green Room,2015,https://letterboxd.com/film/green-room/,2
2016-09-09,Lone Survivor,2013,https://letterboxd.com/film/lone-survivor/,3
2016-09-16,Don't Think Twice,2016,https://letterboxd.com/film/dont-think-twice/,3.5
2016-09-19,Everybody Wants Some!!,2016,https://letterboxd.com/film/everybody-wants-some/,4
2016-09-22,The Night Of,2016,https://letterboxd.com/film/the-night-of/,4
2016-09-24,Sully,2016,https://letterboxd.com/film/sully/,3
2016-09-26,The Glass Shield,1994,https://letterboxd.com/film/the-glass-shield/,2.5
2016-09-27,Cop Car,2015,https://letterboxd.com/film/cop-car/,3
2016-10-07,Kubo and the Two Strings,2016,https://letterboxd.com/film/kubo-and-the-two-strings/,3
2016-10-08,Amanda Knox,2016,https://letterboxd.com/film/amanda-knox/,2.5
2016-10-11,The Age of Shadows,2016,https://letterboxd.com/film/the-age-of-shadows/,2
2016-10-15,Dheepan,2015,https://letterboxd.com/film/dheepan/,1.5
2016-10-22,The Conjuring 2,2016,https://letterboxd.com/film/the-conjuring-2/,1.5
2016-10-27,Dope,2015,https://letterboxd.com/film/dope-2015/,2
2016-10-27,Christine,2016,https://letterboxd.com/film/christine-2016/,3.5
2016-10-27,Weiner,2016,https://letterboxd.com/film/weiner/,3.5
2016-10-30,Tickled,2016,https://letterboxd.com/film/tickled/,3.5
2016-10-30,Mascots,2016,https://letterboxd.com/film/mascots/,2.5
2016-11-05,Café Society,2016,https://letterboxd.com/film/cafe-society-2016/,2.5
2016-11-07,Hacksaw Ridge,2016,https://letterboxd.com/film/hacksaw-ridge/,4
2016-11-12,Nanook of the North,1922,https://letterboxd.com/film/nanook-of-the-north/,3.5
2016-11-12,Winchester '73,1950,https://letterboxd.com/film/winchester-73/,3
2016-11-13,Arrival,2016,https://letterboxd.com/film/arrival-2016/,1.5
2016-11-16,High School,1968,https://letterboxd.com/film/high-school/,2.5
2016-11-22,Oliver Twist,1948,https://letterboxd.com/film/oliver-twist-1948/,3.5
2016-11-22,You're Sleeping Nicole,2014,https://letterboxd.com/film/youre-sleeping-nicole/,3
2016-11-22,The Best of Youth,2003,https://letterboxd.com/film/the-best-of-youth/,4.5
2016-11-22,Topsy-Turvy,1999,https://letterboxd.com/film/topsy-turvy/,4
2016-11-22,The Wailing,2016,https://letterboxd.com/film/the-wailing/,2
2016-12-08,Keanu,2016,https://letterboxd.com/film/keanu/,3
2016-12-08,Moonlight,2016,https://letterboxd.com/film/moonlight-2016/,2.5
2016-12-11,Fantastic Beasts and Where to Find Them,2016,https://letterboxd.com/film/fantastic-beasts-and-where-to-find-them/,3
2016-12-13,Berlin Alexanderplatz,1980,https://letterboxd.com/film/berlin-alexanderplatz/,3.5
2016-12-18,Manchester by the Sea,2016,https://letterboxd.com/film/manchester-by-the-sea/,4.5
2016-12-19,La La Land,2016,https://letterboxd.com/film/la-la-land/,3.5
2016-12-31,Rogue One: A Star Wars Story,2016,https://letterboxd.com/film/rogue-one-a-star-wars-story/,2
2017-01-03,Jackie,2016,https://letterboxd.com/film/jackie-2016/,3
2017-01-16,Toni Erdmann,2016,https://letterboxd.com/film/toni-erdmann/,4
2017-01-17,Patriots Day,2016,https://letterboxd.com/film/patriots-day/,3
2017-01-17,The Red Turtle,2016,https://letterboxd.com/film/the-red-turtle/,3
2017-01-18,Deadpool,2016,https://letterboxd.com/film/deadpool/,2.5
2017-01-22,20th Century Women,2016,https://letterboxd.com/film/20th-century-women/,3
2017-01-22,Neruda,2016,https://letterboxd.com/film/neruda-2016/,3.5
2017-01-23,The Handmaiden,2016,https://letterboxd.com/film/the-handmaiden/,2
2017-01-25,"I, Daniel Blake",2016,https://letterboxd.com/film/i-daniel-blake/,3
2017-01-29,Kate Plays Christine,2016,https://letterboxd.com/film/kate-plays-christine/,3
2017-01-30,The Edge of Seventeen,2016,https://letterboxd.com/film/the-edge-of-seventeen/,4.5
2017-02-11,Paterson,2016,https://letterboxd.com/film/paterson/,2.5
2017-02-19,Elle,2016,https://letterboxd.com/film/elle/,3
2017-02-19,Julieta,2016,https://letterboxd.com/film/julieta/,2.5
2017-02-19,Lion,2016,https://letterboxd.com/film/lion/,3
2017-02-21,Nocturnal Animals,2016,https://letterboxd.com/film/nocturnal-animals/,3
2017-02-22,The Founder,2016,https://letterboxd.com/film/the-founder/,3
2017-03-06,Logan,2017,https://letterboxd.com/film/logan-2017/,3.5
2017-03-06,Live by Night,2016,https://letterboxd.com/film/live-by-night/,2
2017-03-06,Deepwater Horizon,2016,https://letterboxd.com/film/deepwater-horizon/,3.5
2017-03-12,Get Out,2017,https://letterboxd.com/film/get-out-2017/,3.5
2017-05-08,The Lost City of Z,2016,https://letterboxd.com/film/the-lost-city-of-z/,3.5
2017-06-12,It Comes at Night,2017,https://letterboxd.com/film/it-comes-at-night/,3
2017-07-18,Spider-Man: Homecoming,2017,https://letterboxd.com/film/spider-man-homecoming/,3
2017-07-18,War for the Planet of the Apes,2017,https://letterboxd.com/film/war-for-the-planet-of-the-apes/,1.5
2017-08-01,Dunkirk,2017,https://letterboxd.com/film/dunkirk-2017/,3
2017-08-06,Detroit,2017,https://letterboxd.com/film/detroit/,2.5
2017-08-31,Logan Lucky,2017,https://letterboxd.com/film/logan-lucky/,2.5
2017-10-22,Blade Runner 2049,2017,https://letterboxd.com/film/blade-runner-2049/,3
2017-11-04,The Florida Project,2017,https://letterboxd.com/film/the-florida-project/,4
2017-11-04,A Ghost Story,2017,https://letterboxd.com/film/a-ghost-story-2017/,2.5
2017-11-28,"Three Billboards Outside Ebbing, Missouri",2017,https://letterboxd.com/film/three-billboards-outside-ebbing-missouri/,4.5
2017-12-03,Lady Bird,2017,https://letterboxd.com/film/lady-bird/,3.5
2017-12-06,The Salesman,2016,https://letterboxd.com/film/the-salesman-2016/,3.5
